Index;Date;Temperature;Activity;X-axis;Y-axis;Z-axis;Marker
36300;17/8/2018 0:00;21.42;620;-0.723618;0.20008;0.651424;
36360;17/8/2018 0:01;21.53;16;-0.864648;0.140153;0.500685;
36420;17/8/2018 0:02;21.72;8;-1.02135;0.125171;0.0786147;
36480;17/8/2018 0:03;21.9;38;-0.786298;0.0352799;0.606202;
36540;17/8/2018 0:04;22.14;64;-0.864648;0.0352799;0.500685;
36600;17/8/2018 0:05;22.31;51;-1.00568;-0.0396294;0.0786147;
36660;17/8/2018 0:06;22.39;281;-1.35042;0.0952073;0.13891;
36720;17/8/2018 0:07;22.38;93;-0.895988;0.0502617;0.455463;
36780;17/8/2018 0:08;22.26;16;-0.895988;0.170117;0.425315;
36840;17/8/2018 0:09;22.26;75;-0.990008;-0.249375;-0.0721246;
36900;17/8/2018 0:10;22.45;17;-0.911658;0.289971;0.274576;
36960;17/8/2018 0:11;22.61;0;-0.927328;0.230044;0.319797;
37020;17/8/2018 0:12;22.73;25;-1.06836;0.110189;0.229354;
37080;17/8/2018 0:13;22.66;278;-1.13104;0.185098;0.229354;
37140;17/8/2018 0:14;22.48;453;-0.990008;0.00531616;0.229354;
37200;17/8/2018 0:15;22.33;2;-1.00568;-0.0096657;0.184132;
37260;17/8/2018 0:16;22.27;0;-1.00568;0.00531616;0.184132;
37320;17/8/2018 0:17;22.13;12;-1.00568;0.0502617;0.199206;
37380;17/8/2018 0:18;21.85;30;-1.00568;0.0802255;0.13891;
37440;17/8/2018 0:19;21.69;160;-1.02135;-0.0995569;0.259502;
37500;17/8/2018 0:20;21.68;267;-1.03702;-0.0995569;0.018319;
37560;17/8/2018 0:21;21.87;8;-0.911658;0.245026;0.334871;
37620;17/8/2018 0:22;22.12;45;-1.00568;0.00531616;0.13891;
37680;17/8/2018 0:23;22.32;25;-0.958668;0.00531616;0.244428;
37740;17/8/2018 0:24;22.49;31;-0.990008;-0.0096657;0.21428;
37800;17/8/2018 0:25;22.66;97;-0.942998;0.110189;0.018319;
37860;17/8/2018 0:26;22.72;329;-0.864648;0.125171;0.425315;
37920;17/8/2018 0:27;22.79;1;-0.927328;0.0952073;0.395167;
37980;17/8/2018 0:28;22.77;4;-0.911658;0.0952073;0.410241;
38040;17/8/2018 0:29;22.83;4;-0.958668;0.110189;0.319797;
38100;17/8/2018 0:30;22.92;2;-0.801968;0.544663;0.0936886;
38160;17/8/2018 0:31;22.93;358;-0.927328;-0.159484;0.334871;
38220;17/8/2018 0:32;22.89;260;-1.02135;0.110189;0.0333929;
38280;17/8/2018 0:33;22.92;149;-0.942998;0.20008;0.259502;
38340;17/8/2018 0:34;22.94;48;-0.974338;0.125171;0.0936886;
38400;17/8/2018 0:35;23.09;110;-0.911658;0.27499;0.244428;
38460;17/8/2018 0:36;23.2;178;-0.990008;0.140153;0.123836;
38520;17/8/2018 0:37;23.09;159;-0.974338;0.245026;0.018319;
38580;17/8/2018 0:38;22.91;177;-0.974338;0.230044;0.123836;
38640;17/8/2018 0:39;23.03;246;-0.974338;0.289971;0.0333929;
38700;17/8/2018 0:40;23.03;165;-1.00568;0.140153;0.123836;
38760;17/8/2018 0:41;23.02;199;-0.990008;0.125171;0.153984;
38820;17/8/2018 0:42;22.96;132;-0.974338;0.27499;0.0333929;
38880;17/8/2018 0:43;22.83;191;-1.00568;-0.084575;0.018319;
38940;17/8/2018 0:44;22.57;170;-0.895988;0.0952073;0.0333929;
39000;17/8/2018 0:45;22.36;124;-0.974338;0.215062;0.13891;
39060;17/8/2018 0:46;22.25;16;-0.848978;0.170117;0.304724;
39120;17/8/2018 0:47;22.32;42;-0.927328;0.260008;0.259502;
39180;17/8/2018 0:48;22.45;16;-0.990008;0.185098;0.21428;
39240;17/8/2018 0:49;22.59;14;-0.911658;0.260008;0.349945;
39300;17/8/2018 0:50;22.68;6;-0.911658;0.155135;0.425315;
39360;17/8/2018 0:51;22.7;7;-1.00568;0.0502617;0.259502;
39420;17/8/2018 0:52;22.67;23;-1.02135;0.0952073;0.0936886;
39480;17/8/2018 0:53;22.63;4;-1.02135;0.00531616;-0.102272;
39540;17/8/2018 0:54;22.56;15;-1.02135;-0.0995569;0.0333929;
39600;17/8/2018 0:55;22.5;185;-1.20939;0.260008;0.425315;
39660;17/8/2018 0:56;22.45;49;-0.990008;-0.0096657;0.123836;
39720;17/8/2018 0:57;22.46;132;-0.990008;0.215062;0.123836;
39780;17/8/2018 0:58;22.47;50;-0.942998;0.409826;-0.0118289;
39840;17/8/2018 0:59;22.44;146;-1.36609;0.170117;0.123836;
39900;17/8/2018 1:00;22.23;225;-1.00568;0.0952073;0.0333929;
39960;17/8/2018 1:01;22;445;-1.38176;0.364881;0.018319;
40020;17/8/2018 1:02;21.78;240;-0.911658;0.0652436;0.28965;
40080;17/8/2018 1:03;21.69;58;-0.927328;0.20008;0.319797;
40140;17/8/2018 1:04;21.73;32;-0.895988;0.140153;0.440389;
40200;17/8/2018 1:05;21.84;6;-0.974338;0.185098;-0.237938;
40260;17/8/2018 1:06;21.98;17;-0.927328;0.230044;0.169058;
40320;17/8/2018 1:07;22.24;14;-1.00568;0.155135;0.229354;
40380;17/8/2018 1:08;22.46;4;-0.958668;0.140153;0.274576;
40440;17/8/2018 1:09;22.7;4;-0.958668;0.155135;0.304724;
40500;17/8/2018 1:10;22.95;11;-0.958668;0.185098;0.229354;
40560;17/8/2018 1:11;23.12;9;-1.05269;0.0502617;0.21428;
40620;17/8/2018 1:12;23.3;10;-1.02135;-0.0096657;0.0484668;
40680;17/8/2018 1:13;23.36;13;-0.990008;-0.0995569;0.0635407;
40740;17/8/2018 1:14;23.36;21;-0.895988;0.170117;0.395167;
40800;17/8/2018 1:15;23.39;6;-0.974338;0.125171;0.0484668;
40860;17/8/2018 1:16;23.38;28;-0.911658;0.0952073;0.395167;
40920;17/8/2018 1:17;23.33;29;-0.895988;0.020298;0.425315;
40980;17/8/2018 1:18;23.23;37;-0.770628;0.245026;0.576054;
41040;17/8/2018 1:19;23.21;62;-0.958668;0.20008;0.153984;
41100;17/8/2018 1:20;23.26;14;-0.974338;0.170117;0.169058;
41160;17/8/2018 1:21;23.27;6;-0.958668;0.230044;0.169058;
41220;17/8/2018 1:22;23.08;7;-0.974338;-0.0246476;0.28965;
41280;17/8/2018 1:23;23.04;36;-1.02135;0.020298;0.395167;
41340;17/8/2018 1:24;23.07;5;-0.974338;0.0952073;0.0635407;
41400;17/8/2018 1:25;23.16;9;-0.990008;0.20008;0.0333929;
41460;17/8/2018 1:26;23.28;3;-0.927328;0.215062;0.274576;
41520;17/8/2018 1:27;23.4;45;-0.990008;0.0652436;0.244428;
41580;17/8/2018 1:28;23.46;8;-0.958668;0.185098;0.28965;
41640;17/8/2018 1:29;23.45;2;-0.974338;-0.0246476;0.13891;
41700;17/8/2018 1:30;23.44;0;-0.990008;0.185098;0.0635407;
41760;17/8/2018 1:31;23.4;4;-1.02135;0.00531616;0.0484668;
41820;17/8/2018 1:32;23.43;8;-0.990008;0.170117;0.153984;
41880;17/8/2018 1:33;23.45;12;-1.00568;0.140153;0.0333929;
41940;17/8/2018 1:34;23.39;34;-0.974338;0.185098;0.169058;
42000;17/8/2018 1:35;23.43;13;-0.927328;0.334917;0.259502;
42060;17/8/2018 1:36;23.55;13;-0.848978;0.230044;0.530832;
42120;17/8/2018 1:37;23.62;0;-0.817638;0.185098;0.530832;
42180;17/8/2018 1:38;23.75;14;-0.739288;0.20008;0.651424;
42240;17/8/2018 1:39;23.88;20;-0.801968;0.155135;0.470537;
42300;17/8/2018 1:40;23.96;6;-0.817638;0.245026;0.515759;
42360;17/8/2018 1:41;23.91;24;-1.02135;0.0652436;0.018319;
42420;17/8/2018 1:42;23.64;330;-0.895988;0.0652436;0.455463;
42480;17/8/2018 1:43;23.34;55;-1.00568;0.125171;0.00324504;
42540;17/8/2018 1:44;23.25;10;-1.00568;-0.0546113;0.184132;
42600;17/8/2018 1:45;23.26;5;-1.02135;0.0502617;0.13891;
42660;17/8/2018 1:46;23.25;5;-0.990008;0.155135;0.153984;
42720;17/8/2018 1:47;23.31;22;-0.974338;0.289971;-0.13242;
42780;17/8/2018 1:48;23.38;1;-1.02135;0.0802255;0.0484668;
42840;17/8/2018 1:49;23.49;49;-1.00568;0.0352799;0.123836;
42900;17/8/2018 1:50;23.54;30;-0.895988;0.110189;0.425315;
42960;17/8/2018 1:51;23.52;13;-1.05269;0.0652436;-0.13242;
43020;17/8/2018 1:52;23.51;2;-1.00568;0.020298;0.153984;
43080;17/8/2018 1:53;23.42;21;-0.739288;0.140153;0.666498;
43140;17/8/2018 1:54;23.53;11;-0.739288;0.155135;0.651424;
43200;17/8/2018 1:55;23.56;37;-0.990008;0.0802255;0.0635407;
43260;17/8/2018 1:56;23.47;1;-1.00568;0.0952073;0.0333929;
43320;17/8/2018 1:57;23.39;2;-1.02135;0.00531616;-0.0721246;
43380;17/8/2018 1:58;23.25;11;-1.00568;0.0352799;0.184132;
43440;17/8/2018 1:59;23.07;21;-0.958668;0.20008;0.153984;
43500;17/8/2018 2:00;22.99;36;-0.895988;0.155135;0.259502;
43560;17/8/2018 2:01;23.07;5;-0.942998;0.170117;0.334871;
43620;17/8/2018 2:02;23.13;31;-0.990008;0.110189;0.0333929;
43680;17/8/2018 2:03;23.11;126;-0.958668;0.185098;0.274576;
43740;17/8/2018 2:04;23.15;3;-0.942998;0.140153;0.244428;
43800;17/8/2018 2:05;23.18;56;-0.848978;0.215062;0.470537;
43860;17/8/2018 2:06;23.14;22;-0.833308;0.260008;0.470537;
43920;17/8/2018 2:07;23.11;14;-0.817638;0.230044;0.515759;
43980;17/8/2018 2:08;23.18;12;-0.801968;0.170117;0.621276;
44040;17/8/2018 2:09;23.34;13;-0.848978;0.170117;0.500685;
44100;17/8/2018 2:10;23.53;3;-0.848978;0.0952073;0.485611;
44160;17/8/2018 2:11;23.7;7;-0.848978;0.155135;0.576054;
44220;17/8/2018 2:12;23.84;82;-0.0498082;0.20008;-0.991634;
44280;17/8/2018 2:13;23.93;204;-0.895988;-0.429158;0.108763;
44340;17/8/2018 2:14;23.62;197;-0.535578;0.215062;0.334871;
44400;17/8/2018 2:15;23.42;121;-0.880318;-0.114539;0.319797;
44460;17/8/2018 2:16;23.27;120;-0.441558;0.170117;0.877533;
44520;17/8/2018 2:17;23.13;4;-0.253518;0.0952073;0.967976;
44580;17/8/2018 2:18;23;8;-0.159498;0.319935;0.907681;
44640;17/8/2018 2:19;22.89;16;-0.284858;0.409826;0.847385;
44700;17/8/2018 2:20;22.77;15;-0.410218;0.499718;0.772015;
44760;17/8/2018 2:21;22.63;7;-0.425888;0.424808;0.787089;
44820;17/8/2018 2:22;22.51;35;-0.394548;0.514699;0.756941;
44880;17/8/2018 2:23;22.4;8;-0.441558;0.514699;0.71172;
44940;17/8/2018 2:24;22.3;14;-0.645268;0.514699;0.576054;
45000;17/8/2018 2:25;22.26;108;-1.0997;-0.0246476;0.153984;
45060;17/8/2018 2:26;22.27;95;-0.833308;0.0652436;0.425315;
45120;17/8/2018 2:27;22.27;47;-0.754958;-0.0546113;0.681572;
45180;17/8/2018 2:28;22.2;166;-0.864648;0.155135;0.153984;
45240;17/8/2018 2:29;22.07;230;-1.02135;0.215062;-0.20779;
45300;17/8/2018 2:30;22.55;6;-1.00568;-0.084575;0.123836;
45360;17/8/2018 2:31;22.99;18;-0.927328;0.170117;-0.373603;
45420;17/8/2018 2:32;23.57;16;-1.02135;0.0652436;0.018319;
45480;17/8/2018 2:33;24.03;12;-0.676608;-0.129521;-0.765525;
45540;17/8/2018 2:34;24.45;7;-0.754958;0.020298;-0.675082;
45600;17/8/2018 2:35;24.86;2;-0.833308;0.0502617;-0.599712;
45660;17/8/2018 2:36;25.16;0;-0.880318;0.0502617;-0.524342;
45720;17/8/2018 2:37;25.5;48;-0.284858;-0.713813;-0.494195;
45780;17/8/2018 2:38;25.38;277;-0.0341382;0.260008;0.967976;
45840;17/8/2018 2:39;24.92;10;-0.269188;0.379863;0.877533;
45900;17/8/2018 2:40;24.54;12;-0.394548;0.185098;0.922754;
45960;17/8/2018 2:41;24.08;341;-0.269188;0.529681;0.123836;
46020;17/8/2018 2:42;23.64;347;0.279262;1.12896;0.0333929;
46080;17/8/2018 2:43;23.6;496;0.247922;1.90801;-0.147494;
46140;17/8/2018 2:44;24.23;118;0.153902;1.0091;0.0484668;
46200;17/8/2018 2:45;24.99;206;0.200912;1.02408;0.274576;
46260;17/8/2018 2:46;25.29;138;0.153902;0.994119;0.13891;
46320;17/8/2018 2:47;25.04;4;0.200912;0.994119;0.0936886;
46380;17/8/2018 2:48;24.73;0;0.200912;0.994119;0.0936886;
46440;17/8/2018 2:49;24.46;0;0.200912;0.994119;0.0936886;
46500;17/8/2018 2:50;24.22;0;0.185242;0.994119;0.0936886;
46560;17/8/2018 2:51;24.02;0;0.185242;0.994119;0.0936886;
46620;17/8/2018 2:52;23.84;0;0.185242;0.994119;0.0936886;
46680;17/8/2018 2:53;23.7;0;0.200912;0.994119;0.0936886;
46740;17/8/2018 2:54;23.56;0;0.185242;1.0091;0.0936886;
46800;17/8/2018 2:55;23.43;0;0.200912;0.994119;0.0936886;
46860;17/8/2018 2:56;23.34;0;0.200912;0.994119;0.0936886;
46920;17/8/2018 2:57;23.21;0;0.185242;0.994119;0.0936886;
46980;17/8/2018 2:58;23.15;0;0.185242;0.994119;0.0936886;
47040;17/8/2018 2:59;23.06;0;0.185242;0.994119;0.0936886;
47100;17/8/2018 3:00;23;0;0.185242;1.0091;0.0936886;
47160;17/8/2018 3:01;22.95;0;0.185242;0.994119;0.0936886;
47220;17/8/2018 3:02;22.88;0;0.200912;0.994119;0.0936886;
47280;17/8/2018 3:03;22.82;0;0.185242;0.994119;0.0936886;
47340;17/8/2018 3:04;22.81;0;0.185242;0.994119;0.108763;
47400;17/8/2018 3:05;22.77;0;0.185242;0.994119;0.108763;
47460;17/8/2018 3:06;22.74;0;0.185242;0.994119;0.0936886;
47520;17/8/2018 3:07;22.69;0;0.185242;0.994119;0.0936886;
47580;17/8/2018 3:08;22.68;0;0.185242;0.994119;0.108763;
47640;17/8/2018 3:09;22.66;0;0.185242;0.994119;0.0936886;
47700;17/8/2018 3:10;22.66;0;0.185242;0.994119;0.108763;
47760;17/8/2018 3:11;22.64;0;0.185242;0.994119;0.108763;
47820;17/8/2018 3:12;22.63;0;0.185242;0.994119;0.108763;
47880;17/8/2018 3:13;22.62;0;0.185242;0.994119;0.108763;
47940;17/8/2018 3:14;22.61;0;0.185242;0.994119;0.108763;
48000;17/8/2018 3:15;22.6;0;0.185242;0.994119;0.0936886;
48060;17/8/2018 3:16;22.6;0;0.185242;0.994119;0.0936886;
48120;17/8/2018 3:17;22.59;0;0.185242;0.994119;0.0936886;
48180;17/8/2018 3:18;22.59;0;0.185242;0.994119;0.0936886;
48240;17/8/2018 3:19;22.57;0;0.185242;0.994119;0.0936886;
48300;17/8/2018 3:20;22.58;0;0.185242;0.994119;0.108763;
48360;17/8/2018 3:21;22.57;0;0.185242;1.0091;0.0936886;
48420;17/8/2018 3:22;22.59;0;0.185242;0.994119;0.0936886;
48480;17/8/2018 3:23;22.57;0;0.185242;0.994119;0.0936886;
48540;17/8/2018 3:24;22.57;0;0.185242;0.994119;0.0936886;
48600;17/8/2018 3:25;22.59;0;0.185242;0.994119;0.108763;
48660;17/8/2018 3:26;22.58;0;0.185242;0.994119;0.0936886;
48720;17/8/2018 3:27;22.59;0;0.185242;0.994119;0.108763;
48780;17/8/2018 3:28;22.59;0;0.185242;0.994119;0.0936886;
48840;17/8/2018 3:29;22.59;0;0.185242;0.994119;0.0936886;
48900;17/8/2018 3:30;22.61;0;0.185242;0.994119;0.108763;
48960;17/8/2018 3:31;22.62;0;0.185242;0.994119;0.108763;
49020;17/8/2018 3:32;22.62;0;0.185242;0.994119;0.108763;
49080;17/8/2018 3:33;22.62;0;0.185242;0.994119;0.108763;
49140;17/8/2018 3:34;22.62;0;0.185242;0.994119;0.0936886;
49200;17/8/2018 3:35;22.63;0;0.185242;0.994119;0.108763;
49260;17/8/2018 3:36;22.65;0;0.185242;0.994119;0.108763;
49320;17/8/2018 3:37;22.64;0;0.185242;0.994119;0.108763;
49380;17/8/2018 3:38;22.66;0;0.185242;0.994119;0.108763;
49440;17/8/2018 3:39;22.66;0;0.185242;0.994119;0.0936886;
49500;17/8/2018 3:40;22.67;0;0.185242;0.994119;0.0936886;
49560;17/8/2018 3:41;22.68;0;0.185242;0.994119;0.108763;
49620;17/8/2018 3:42;22.69;0;0.200912;0.994119;0.108763;
49680;17/8/2018 3:43;22.69;0;0.185242;0.994119;0.108763;
49740;17/8/2018 3:44;22.7;0;0.185242;0.994119;0.108763;
49800;17/8/2018 3:45;22.71;0;0.185242;0.994119;0.0936886;
49860;17/8/2018 3:46;22.71;0;0.185242;0.994119;0.0936886;
49920;17/8/2018 3:47;22.73;0;0.185242;0.994119;0.0936886;
49980;17/8/2018 3:48;22.75;0;0.185242;0.994119;0.0936886;
50040;17/8/2018 3:49;22.72;0;0.185242;0.994119;0.0936886;
50100;17/8/2018 3:50;22.75;0;0.200912;0.994119;0.108763;
50160;17/8/2018 3:51;22.77;0;0.185242;0.994119;0.0936886;
50220;17/8/2018 3:52;22.77;0;0.185242;0.994119;0.0936886;
50280;17/8/2018 3:53;22.77;0;0.185242;0.994119;0.108763;
50340;17/8/2018 3:54;22.77;0;0.185242;0.994119;0.108763;
50400;17/8/2018 3:55;22.79;0;0.185242;0.994119;0.108763;
50460;17/8/2018 3:56;22.78;0;0.185242;0.994119;0.108763;
50520;17/8/2018 3:57;22.78;0;0.185242;0.994119;0.108763;
50580;17/8/2018 3:58;22.79;0;0.200912;0.994119;0.108763;
50640;17/8/2018 3:59;22.8;0;0.185242;0.994119;0.108763;
50700;17/8/2018 4:00;22.79;0;0.185242;0.994119;0.108763;
50760;17/8/2018 4:01;22.82;0;0.185242;0.994119;0.108763;
50820;17/8/2018 4:02;22.82;0;0.185242;0.994119;0.0936886;
50880;17/8/2018 4:03;22.83;0;0.185242;0.994119;0.108763;
50940;17/8/2018 4:04;22.82;0;0.185242;0.994119;0.108763;
51000;17/8/2018 4:05;22.81;0;0.200912;0.994119;0.108763;
51060;17/8/2018 4:06;22.83;0;0.185242;0.994119;0.0936886;
51120;17/8/2018 4:07;22.85;0;0.185242;0.994119;0.108763;
51180;17/8/2018 4:08;22.84;0;0.185242;0.994119;0.108763;
51240;17/8/2018 4:09;22.85;0;0.200912;0.994119;0.108763;
51300;17/8/2018 4:10;22.85;0;0.185242;0.994119;0.108763;
51360;17/8/2018 4:11;22.84;0;0.200912;0.994119;0.0936886;
51420;17/8/2018 4:12;22.85;0;0.185242;0.994119;0.108763;
51480;17/8/2018 4:13;22.87;0;0.185242;0.994119;0.108763;
51540;17/8/2018 4:14;22.84;0;0.185242;0.994119;0.108763;
51600;17/8/2018 4:15;22.87;0;0.185242;0.994119;0.0936886;
51660;17/8/2018 4:16;22.84;0;0.185242;0.994119;0.108763;
51720;17/8/2018 4:17;22.86;0;0.185242;0.994119;0.108763;
51780;17/8/2018 4:18;22.87;0;0.185242;0.994119;0.108763;
51840;17/8/2018 4:19;22.84;0;0.185242;0.994119;0.108763;
51900;17/8/2018 4:20;22.86;0;0.185242;0.994119;0.108763;
51960;17/8/2018 4:21;22.85;0;0.200912;0.994119;0.108763;
52020;17/8/2018 4:22;22.86;0;0.200912;0.994119;0.108763;
52080;17/8/2018 4:23;22.86;0;0.185242;0.994119;0.108763;
52140;17/8/2018 4:24;22.85;0;0.185242;0.994119;0.108763;
52200;17/8/2018 4:25;22.85;0;0.185242;0.994119;0.108763;
52260;17/8/2018 4:26;22.87;0;0.185242;0.994119;0.108763;
52320;17/8/2018 4:27;22.85;0;0.185242;0.994119;0.108763;
52380;17/8/2018 4:28;22.88;0;0.185242;0.994119;0.108763;
52440;17/8/2018 4:29;22.84;0;0.185242;0.994119;0.0936886;
52500;17/8/2018 4:30;22.86;0;0.185242;0.994119;0.108763;
52560;17/8/2018 4:31;22.86;0;0.185242;0.994119;0.108763;
52620;17/8/2018 4:32;22.86;0;0.200912;0.994119;0.108763;
52680;17/8/2018 4:33;22.87;0;0.185242;0.994119;0.108763;
52740;17/8/2018 4:34;22.87;0;0.185242;0.994119;0.108763;
52800;17/8/2018 4:35;22.88;0;0.185242;0.994119;0.108763;
52860;17/8/2018 4:36;22.87;0;0.200912;0.994119;0.108763;
52920;17/8/2018 4:37;22.87;0;0.200912;1.0091;0.108763;
52980;17/8/2018 4:38;22.85;0;0.185242;1.0091;0.108763;
53040;17/8/2018 4:39;22.88;0;0.185242;0.994119;0.108763;
53100;17/8/2018 4:40;22.87;0;0.185242;0.994119;0.108763;
53160;17/8/2018 4:41;22.88;0;0.185242;0.994119;0.108763;
53220;17/8/2018 4:42;22.86;0;0.185242;0.994119;0.108763;
53280;17/8/2018 4:43;22.87;0;0.185242;0.994119;0.108763;
53340;17/8/2018 4:44;22.87;0;0.185242;0.994119;0.108763;
53400;17/8/2018 4:45;22.87;0;0.185242;0.994119;0.108763;
53460;17/8/2018 4:46;22.86;0;0.185242;0.994119;0.108763;
53520;17/8/2018 4:47;22.88;0;0.185242;0.994119;0.108763;
53580;17/8/2018 4:48;22.87;0;0.185242;0.994119;0.108763;
53640;17/8/2018 4:49;22.86;0;0.185242;0.994119;0.108763;
53700;17/8/2018 4:50;22.87;0;0.185242;0.994119;0.0936886;
53760;17/8/2018 4:51;22.87;0;0.185242;0.994119;0.108763;
53820;17/8/2018 4:52;22.85;0;0.185242;0.994119;0.108763;
53880;17/8/2018 4:53;22.88;0;0.185242;0.994119;0.108763;
53940;17/8/2018 4:54;22.85;0;0.185242;0.994119;0.108763;
54000;17/8/2018 4:55;22.86;0;0.185242;0.994119;0.108763;
54060;17/8/2018 4:56;22.87;0;0.185242;0.994119;0.108763;
54120;17/8/2018 4:57;22.84;0;0.185242;0.994119;0.108763;
54180;17/8/2018 4:58;22.86;0;0.185242;0.994119;0.108763;
54240;17/8/2018 4:59;22.86;0;0.185242;0.994119;0.108763;
54300;17/8/2018 5:00;22.86;0;0.185242;0.994119;0.108763;
54360;17/8/2018 5:01;22.85;0;0.185242;0.994119;0.0936886;
54420;17/8/2018 5:02;22.84;0;0.185242;0.994119;0.108763;
54480;17/8/2018 5:03;22.85;0;0.185242;0.994119;0.108763;
54540;17/8/2018 5:04;22.84;0;0.185242;0.994119;0.108763;
54600;17/8/2018 5:05;22.83;0;0.185242;1.0091;0.108763;
54660;17/8/2018 5:06;22.84;0;0.185242;0.994119;0.108763;
54720;17/8/2018 5:07;22.85;0;0.185242;0.994119;0.108763;
54780;17/8/2018 5:08;22.83;0;0.185242;0.994119;0.108763;
54840;17/8/2018 5:09;22.82;0;0.185242;0.994119;0.108763;
54900;17/8/2018 5:10;22.82;0;0.185242;0.994119;0.108763;
54960;17/8/2018 5:11;22.82;0;0.185242;0.994119;0.108763;
55020;17/8/2018 5:12;22.82;0;0.185242;0.994119;0.108763;
55080;17/8/2018 5:13;22.82;0;0.185242;1.0091;0.108763;
55140;17/8/2018 5:14;22.84;0;0.185242;0.994119;0.108763;
55200;17/8/2018 5:15;22.82;0;0.185242;0.994119;0.108763;
55260;17/8/2018 5:16;22.83;0;0.185242;0.994119;0.108763;
55320;17/8/2018 5:17;22.82;0;0.185242;0.994119;0.108763;
55380;17/8/2018 5:18;22.82;0;0.185242;0.994119;0.108763;
55440;17/8/2018 5:19;22.83;0;0.185242;0.994119;0.108763;
55500;17/8/2018 5:20;22.82;0;0.185242;0.994119;0.108763;
55560;17/8/2018 5:21;22.82;0;0.185242;0.994119;0.108763;
55620;17/8/2018 5:22;22.8;0;0.185242;0.994119;0.108763;
55680;17/8/2018 5:23;22.8;0;0.185242;0.994119;0.108763;
55740;17/8/2018 5:24;22.79;0;0.185242;0.994119;0.108763;
55800;17/8/2018 5:25;22.79;0;0.185242;0.994119;0.108763;
55860;17/8/2018 5:26;22.78;0;0.185242;0.994119;0.108763;
55920;17/8/2018 5:27;22.75;0;0.185242;0.994119;0.108763;
55980;17/8/2018 5:28;22.77;0;0.185242;0.994119;0.108763;
56040;17/8/2018 5:29;22.74;0;0.185242;0.994119;0.108763;
56100;17/8/2018 5:30;22.75;0;0.185242;0.994119;0.108763;
56160;17/8/2018 5:31;22.73;0;0.185242;0.994119;0.108763;
56220;17/8/2018 5:32;22.71;0;0.185242;0.994119;0.108763;
56280;17/8/2018 5:33;22.7;0;0.185242;0.994119;0.108763;
56340;17/8/2018 5:34;22.7;0;0.185242;0.994119;0.108763;
56400;17/8/2018 5:35;22.7;0;0.185242;0.994119;0.108763;
56460;17/8/2018 5:36;22.68;0;0.185242;1.0091;-0.0269028;
56520;17/8/2018 5:37;22.68;0;0.185242;1.0091;-0.0269028;
56580;17/8/2018 5:38;22.67;0;0.185242;1.0091;-0.0269028;
56640;17/8/2018 5:39;22.67;0;0.185242;1.0091;-0.0269028;
56700;17/8/2018 5:40;22.68;0;0.185242;1.0091;-0.0269028;
56760;17/8/2018 5:41;22.66;0;0.185242;1.0091;-0.0118289;
56820;17/8/2018 5:42;22.66;0;0.185242;1.0091;-0.0269028;
56880;17/8/2018 5:43;22.65;0;0.185242;1.0091;-0.0269028;
56940;17/8/2018 5:44;22.63;0;0.185242;1.0091;-0.0269028;
57000;17/8/2018 5:45;22.64;0;0.185242;1.0091;-0.0269028;
57060;17/8/2018 5:46;22.64;0;0.185242;1.0091;-0.0269028;
57120;17/8/2018 5:47;22.62;0;0.185242;1.0091;-0.0269028;
57180;17/8/2018 5:48;22.62;0;0.185242;1.0091;-0.0269028;
57240;17/8/2018 5:49;22.61;0;0.185242;1.0091;-0.0269028;
57300;17/8/2018 5:50;22.61;0;0.185242;1.0091;-0.0269028;
57360;17/8/2018 5:51;22.6;0;0.185242;1.0091;-0.0269028;
57420;17/8/2018 5:52;22.6;0;0.185242;1.0091;-0.0269028;
57480;17/8/2018 5:53;22.59;0;0.185242;1.0091;-0.0269028;
57540;17/8/2018 5:54;22.59;0;0.185242;1.0091;-0.0118289;
57600;17/8/2018 5:55;22.58;0;0.185242;1.0091;-0.0269028;
57660;17/8/2018 5:56;22.57;0;0.185242;1.0091;-0.0269028;
57720;17/8/2018 5:57;22.57;0;0.185242;1.0091;-0.0269028;
57780;17/8/2018 5:58;22.55;0;0.185242;1.0091;-0.0269028;
57840;17/8/2018 5:59;22.56;0;0.185242;1.0091;-0.0269028;
57900;17/8/2018 6:00;22.55;0;0.185242;1.0091;-0.0269028;
57960;17/8/2018 6:01;22.55;0;0.185242;1.0091;-0.0269028;
58020;17/8/2018 6:02;22.55;0;0.185242;1.0091;-0.0269028;
58080;17/8/2018 6:03;22.54;0;0.185242;1.0091;-0.0269028;
58140;17/8/2018 6:04;22.52;0;0.185242;1.0091;-0.0269028;
58200;17/8/2018 6:05;22.5;0;0.185242;1.0091;-0.0269028;
58260;17/8/2018 6:06;22.51;0;0.185242;1.0091;-0.0269028;
58320;17/8/2018 6:07;22.5;0;0.185242;1.0091;-0.0269028;
58380;17/8/2018 6:08;22.48;0;0.185242;1.0091;-0.0269028;
58440;17/8/2018 6:09;22.49;0;0.185242;1.0091;-0.0269028;
58500;17/8/2018 6:10;22.48;0;0.185242;1.0091;-0.0269028;
58560;17/8/2018 6:11;22.48;0;0.185242;1.0091;-0.0269028;
58620;17/8/2018 6:12;22.46;0;0.185242;1.0091;-0.0269028;
58680;17/8/2018 6:13;22.47;0;0.185242;1.0091;-0.0269028;
58740;17/8/2018 6:14;22.46;0;0.185242;1.0091;-0.0269028;
58800;17/8/2018 6:15;22.44;0;0.185242;1.0091;-0.0118289;
58860;17/8/2018 6:16;22.43;0;0.185242;1.0091;-0.0269028;
58920;17/8/2018 6:17;22.44;0;0.185242;1.0091;-0.0269028;
58980;17/8/2018 6:18;22.43;0;0.185242;1.0091;-0.0118289;
59040;17/8/2018 6:19;22.43;0;0.185242;1.0091;-0.0269028;
59100;17/8/2018 6:20;22.41;0;0.185242;1.0091;-0.0269028;
59160;17/8/2018 6:21;22.4;0;0.185242;1.0091;-0.0269028;
59220;17/8/2018 6:22;22.4;0;0.185242;1.0091;-0.0118289;
59280;17/8/2018 6:23;22.39;0;0.185242;1.0091;-0.0269028;
59340;17/8/2018 6:24;22.38;0;0.185242;1.0091;-0.0118289;
59400;17/8/2018 6:25;22.37;0;0.185242;1.0091;-0.0269028;
59460;17/8/2018 6:26;22.38;0;0.185242;1.0091;-0.0118289;
59520;17/8/2018 6:27;22.36;0;0.185242;1.0091;-0.0269028;
59580;17/8/2018 6:28;22.35;0;0.185242;1.0091;-0.0269028;
59640;17/8/2018 6:29;22.34;0;0.185242;1.0091;-0.0118289;
59700;17/8/2018 6:30;22.35;0;0.185242;1.0091;-0.0118289;
59760;17/8/2018 6:31;22.36;0;0.185242;1.0091;-0.0269028;
59820;17/8/2018 6:32;22.33;0;0.185242;1.0091;-0.0269028;
59880;17/8/2018 6:33;22.33;0;0.185242;1.0091;-0.0269028;
59940;17/8/2018 6:34;22.33;0;0.185242;1.0091;-0.0269028;
60000;17/8/2018 6:35;22.32;0;0.185242;1.0091;-0.0269028;
60060;17/8/2018 6:36;22.31;0;0.185242;1.0091;-0.0269028;
60120;17/8/2018 6:37;22.3;0;0.185242;1.0091;-0.0269028;
60180;17/8/2018 6:38;22.29;0;0.185242;1.0091;-0.0269028;
60240;17/8/2018 6:39;22.3;0;0.185242;1.0091;-0.0269028;
60300;17/8/2018 6:40;22.29;0;0.185242;1.0091;-0.0269028;
60360;17/8/2018 6:41;22.27;0;0.185242;1.0091;-0.0118289;
60420;17/8/2018 6:42;22.27;0;0.185242;1.0091;-0.0269028;
60480;17/8/2018 6:43;22.28;0;0.185242;1.0091;-0.0269028;
60540;17/8/2018 6:44;22.25;0;0.185242;1.0091;-0.0118289;
60600;17/8/2018 6:45;22.23;0;0.185242;1.0091;-0.0269028;
60660;17/8/2018 6:46;22.27;0;0.185242;1.0091;-0.0269028;
60720;17/8/2018 6:47;22.23;0;0.185242;1.0091;-0.0118289;
60780;17/8/2018 6:48;22.24;0;0.185242;1.0091;-0.0269028;
60840;17/8/2018 6:49;22.23;0;0.185242;1.0091;-0.0269028;
60900;17/8/2018 6:50;22.23;0;0.185242;1.0091;-0.0118289;
60960;17/8/2018 6:51;22.21;0;0.185242;1.0091;-0.0269028;
61020;17/8/2018 6:52;22.22;0;0.185242;1.0091;-0.0269028;
61080;17/8/2018 6:53;22.21;0;0.185242;1.0091;-0.0118289;
61140;17/8/2018 6:54;22.23;0;0.185242;1.0091;-0.0269028;
61200;17/8/2018 6:55;22.21;0;0.185242;1.0091;-0.0269028;
61260;17/8/2018 6:56;22.2;0;0.185242;1.0091;-0.0269028;
61320;17/8/2018 6:57;22.2;0;0.185242;1.0091;-0.0269028;
61380;17/8/2018 6:58;22.21;0;0.185242;1.0091;-0.0269028;
61440;17/8/2018 6:59;22.19;0;0.185242;1.0091;-0.0269028;
61500;17/8/2018 7:00;22.2;0;0.185242;1.0091;-0.0118289;
61560;17/8/2018 7:01;22.18;0;0.185242;1.0091;-0.0118289;
61620;17/8/2018 7:02;22.18;0;0.185242;1.0091;-0.0269028;
61680;17/8/2018 7:03;22.18;0;0.185242;1.0091;-0.0269028;
61740;17/8/2018 7:04;22.19;0;0.185242;1.0091;-0.0118289;
61800;17/8/2018 7:05;22.18;0;0.169572;1.0091;-0.0269028;
61860;17/8/2018 7:06;22.17;0;0.185242;1.0091;-0.0269028;
61920;17/8/2018 7:07;22.18;0;0.185242;1.0091;-0.0269028;
61980;17/8/2018 7:08;22.16;0;0.185242;1.0091;-0.0269028;
62040;17/8/2018 7:09;22.17;0;0.185242;1.0091;-0.0118289;
62100;17/8/2018 7:10;22.16;0;0.185242;1.0091;-0.0269028;
62160;17/8/2018 7:11;22.18;0;0.185242;1.0091;-0.0269028;
62220;17/8/2018 7:12;22.16;0;0.185242;1.0091;-0.0269028;
62280;17/8/2018 7:13;22.18;0;0.185242;1.0091;-0.0118289;
62340;17/8/2018 7:14;22.16;0;0.185242;1.0091;-0.0269028;
62400;17/8/2018 7:15;22.18;0;0.185242;1.0091;-0.0269028;
62460;17/8/2018 7:16;22.17;0;0.185242;1.0091;-0.0269028;
62520;17/8/2018 7:17;22.16;0;0.185242;1.0091;-0.0269028;
62580;17/8/2018 7:18;22.15;0;0.185242;1.0091;-0.0269028;
62640;17/8/2018 7:19;22.15;0;0.185242;1.0091;-0.0269028;
62700;17/8/2018 7:20;22.16;0;0.185242;1.0091;-0.0118289;
62760;17/8/2018 7:21;22.16;0;0.185242;1.0091;-0.0269028;
62820;17/8/2018 7:22;22.18;0;0.185242;1.0091;-0.0118289;
62880;17/8/2018 7:23;22.17;0;0.185242;1.0091;-0.0269028;
62940;17/8/2018 7:24;22.16;0;0.185242;1.0091;-0.0269028;
63000;17/8/2018 7:25;22.16;0;0.185242;1.0091;-0.0269028;
63060;17/8/2018 7:26;22.16;0;0.185242;1.0091;-0.0118289;
63120;17/8/2018 7:27;22.16;0;0.185242;1.0091;-0.0269028;
63180;17/8/2018 7:28;22.17;0;0.185242;1.0091;-0.0269028;
63240;17/8/2018 7:29;22.14;0;0.185242;1.0091;-0.0269028;
63300;17/8/2018 7:30;22.16;0;0.185242;1.0091;-0.0269028;
63360;17/8/2018 7:31;22.16;0;0.185242;1.0091;-0.0269028;
63420;17/8/2018 7:32;22.14;0;0.185242;1.0091;-0.0118289;
63480;17/8/2018 7:33;22.16;0;0.185242;1.0091;-0.0269028;
63540;17/8/2018 7:34;22.16;0;0.185242;1.0091;-0.0269028;
63600;17/8/2018 7:35;22.16;0;0.185242;1.0091;-0.0269028;
63660;17/8/2018 7:36;22.17;0;0.185242;1.0091;-0.0269028;
63720;17/8/2018 7:37;22.17;0;0.185242;1.0091;-0.0118289;
63780;17/8/2018 7:38;22.17;0;0.185242;1.0091;-0.0269028;
63840;17/8/2018 7:39;22.16;0;0.185242;1.0091;-0.0118289;
63900;17/8/2018 7:40;22.16;0;0.185242;1.0091;-0.0269028;
63960;17/8/2018 7:41;22.16;0;0.185242;1.0091;-0.0118289;
64020;17/8/2018 7:42;22.17;0;0.185242;1.0091;-0.0269028;
64080;17/8/2018 7:43;22.16;0;0.185242;1.0091;-0.0269028;
64140;17/8/2018 7:44;22.18;0;0.185242;1.0091;-0.0269028;
64200;17/8/2018 7:45;22.18;0;0.185242;1.0091;-0.0118289;
64260;17/8/2018 7:46;22.17;0;0.185242;1.0091;-0.0118289;
64320;17/8/2018 7:47;22.18;0;0.169572;1.0091;-0.0269028;
64380;17/8/2018 7:48;22.18;0;0.185242;1.0091;-0.0269028;
64440;17/8/2018 7:49;22.17;0;0.185242;1.0091;-0.0118289;
64500;17/8/2018 7:50;22.18;0;0.185242;1.0091;-0.0118289;
64560;17/8/2018 7:51;22.2;0;0.185242;1.0091;-0.0269028;
64620;17/8/2018 7:52;22.21;0;0.185242;1.0091;-0.0118289;
64680;17/8/2018 7:53;22.2;0;0.185242;1.0091;-0.0269028;
64740;17/8/2018 7:54;22.2;0;0.185242;1.0091;-0.0269028;
64800;17/8/2018 7:55;22.21;0;0.185242;1.0091;-0.0118289;
64860;17/8/2018 7:56;22.22;0;0.185242;1.0091;-0.0118289;
64920;17/8/2018 7:57;22.22;0;0.185242;1.0091;-0.0118289;
64980;17/8/2018 7:58;22.22;0;0.185242;1.0091;-0.0118289;
65040;17/8/2018 7:59;22.23;0;0.185242;1.0091;-0.0118289;
65100;17/8/2018 8:00;22.25;0;0.169572;1.0091;-0.0118289;
65160;17/8/2018 8:01;22.23;0;0.185242;1.0091;-0.0269028;
65220;17/8/2018 8:02;22.24;0;0.185242;1.0091;-0.0269028;
65280;17/8/2018 8:03;22.26;0;0.185242;1.0091;-0.0269028;
65340;17/8/2018 8:04;22.23;0;0.185242;1.0091;-0.0269028;
65400;17/8/2018 8:05;22.25;0;0.185242;1.0091;-0.0118289;
65460;17/8/2018 8:06;22.27;0;0.185242;1.0091;-0.0118289;
65520;17/8/2018 8:07;22.27;0;0.185242;1.0091;-0.0269028;
65580;17/8/2018 8:08;22.28;0;0.185242;1.0091;-0.0118289;
65640;17/8/2018 8:09;22.28;0;0.185242;1.0091;-0.0118289;
65700;17/8/2018 8:10;22.26;0;0.169572;1.0091;-0.0118289;
65760;17/8/2018 8:11;22.29;0;0.185242;1.0091;-0.0118289;
65820;17/8/2018 8:12;22.3;0;0.185242;1.0091;-0.0118289;
65880;17/8/2018 8:13;22.31;0;0.185242;1.0091;-0.0118289;
65940;17/8/2018 8:14;22.32;0;0.169572;1.0091;-0.0118289;
66000;17/8/2018 8:15;22.32;0;0.185242;1.0091;-0.0118289;
66060;17/8/2018 8:16;22.32;0;0.169572;1.0091;-0.0118289;
66120;17/8/2018 8:17;22.33;0;0.169572;1.0091;-0.0269028;
66180;17/8/2018 8:18;22.33;0;0.185242;1.0091;-0.0118289;
66240;17/8/2018 8:19;22.36;0;0.185242;1.0091;-0.0118289;
66300;17/8/2018 8:20;22.36;0;0.185242;1.0091;-0.0118289;
66360;17/8/2018 8:21;22.36;0;0.185242;1.0091;-0.0118289;
66420;17/8/2018 8:22;22.37;0;0.185242;1.0091;-0.0118289;
66480;17/8/2018 8:23;22.37;0;0.185242;1.0091;-0.0118289;
66540;17/8/2018 8:24;22.37;0;0.169572;1.0091;-0.0118289;
66600;17/8/2018 8:25;22.38;0;0.185242;1.0091;-0.0118289;
66660;17/8/2018 8:26;22.39;0;0.169572;1.0091;-0.0118289;
66720;17/8/2018 8:27;22.39;0;0.185242;1.0091;-0.0118289;
66780;17/8/2018 8:28;22.39;0;0.169572;1.0091;-0.0118289;
66840;17/8/2018 8:29;22.42;0;0.185242;1.0091;-0.0118289;
66900;17/8/2018 8:30;22.42;0;0.185242;1.0091;-0.0118289;
66960;17/8/2018 8:31;22.43;0;0.185242;1.0091;-0.0269028;
67020;17/8/2018 8:32;22.43;0;0.185242;1.0091;-0.0118289;
67080;17/8/2018 8:33;22.45;0;0.185242;1.0091;-0.0118289;
67140;17/8/2018 8:34;22.44;0;0.185242;1.0091;-0.0118289;
67200;17/8/2018 8:35;22.46;0;0.185242;1.0091;-0.0118289;
67260;17/8/2018 8:36;22.49;0;0.185242;1.0091;-0.0118289;
67320;17/8/2018 8:37;22.48;0;0.185242;1.0091;-0.0269028;
67380;17/8/2018 8:38;22.5;0;0.185242;1.0091;-0.0118289;
67440;17/8/2018 8:39;22.49;0;0.185242;1.0091;-0.0118289;
67500;17/8/2018 8:40;22.51;0;0.185242;1.0091;-0.0118289;
67560;17/8/2018 8:41;22.51;0;0.185242;1.0091;-0.0118289;
67620;17/8/2018 8:42;22.52;0;0.185242;1.0091;-0.0269028;
67680;17/8/2018 8:43;22.53;0;0.169572;1.0091;-0.0118289;
67740;17/8/2018 8:44;22.54;0;0.185242;1.0091;-0.0269028;
67800;17/8/2018 8:45;22.53;0;0.185242;1.0091;-0.0118289;
67860;17/8/2018 8:46;22.56;0;0.185242;1.0091;-0.0118289;
67920;17/8/2018 8:47;22.57;0;0.185242;1.0091;-0.0118289;
67980;17/8/2018 8:48;22.57;0;0.185242;1.0091;-0.0118289;
68040;17/8/2018 8:49;22.61;0;0.185242;1.0091;-0.0118289;
68100;17/8/2018 8:50;22.59;0;0.169572;1.0091;-0.0118289;
68160;17/8/2018 8:51;22.63;0;0.185242;1.0091;-0.0118289;
68220;17/8/2018 8:52;22.63;0;0.185242;1.0091;-0.0269028;
68280;17/8/2018 8:53;22.63;0;0.185242;1.0091;-0.0118289;
68340;17/8/2018 8:54;22.66;0;0.185242;1.0091;-0.0118289;
68400;17/8/2018 8:55;22.66;0;0.185242;1.0091;-0.0118289;
68460;17/8/2018 8:56;22.67;0;0.185242;1.0091;-0.0269028;
68520;17/8/2018 8:57;22.68;0;0.185242;1.0091;-0.0118289;
68580;17/8/2018 8:58;22.7;0;0.185242;0.994119;-0.0118289;
68640;17/8/2018 8:59;22.71;0;0.185242;1.0091;-0.0118289;
68700;17/8/2018 9:00;22.71;0;0.185242;1.0091;-0.0118289;
68760;17/8/2018 9:01;22.73;0;0.169572;1.0091;-0.0269028;
68820;17/8/2018 9:02;22.74;0;0.169572;1.0091;-0.0118289;
68880;17/8/2018 9:03;22.77;0;0.169572;1.0091;-0.0118289;
68940;17/8/2018 9:04;22.79;0;0.169572;1.0091;-0.0118289;
69000;17/8/2018 9:05;22.8;0;0.169572;1.0091;-0.0118289;
69060;17/8/2018 9:06;22.79;0;0.169572;1.0091;-0.0118289;
69120;17/8/2018 9:07;22.82;0;0.169572;1.0091;-0.0118289;
69180;17/8/2018 9:08;22.82;0;0.169572;1.0091;-0.0118289;
69240;17/8/2018 9:09;22.84;0;0.169572;1.0091;-0.0118289;
69300;17/8/2018 9:10;22.86;0;0.169572;1.0091;-0.0118289;
69360;17/8/2018 9:11;22.88;0;0.169572;1.0091;-0.0118289;
69420;17/8/2018 9:12;22.88;0;0.169572;1.0091;-0.0118289;
69480;17/8/2018 9:13;22.9;0;0.169572;1.0091;-0.0118289;
69540;17/8/2018 9:14;22.9;0;0.169572;1.0091;-0.0118289;
69600;17/8/2018 9:15;22.93;0;0.169572;1.0091;-0.0118289;
69660;17/8/2018 9:16;22.95;0;0.169572;1.0091;-0.0118289;
69720;17/8/2018 9:17;22.96;0;0.169572;1.0091;-0.0118289;
69780;17/8/2018 9:18;22.96;0;0.169572;1.0091;-0.0118289;
69840;17/8/2018 9:19;22.96;0;0.169572;1.0091;-0.0118289;
69900;17/8/2018 9:20;22.99;0;0.169572;1.0091;-0.0118289;
69960;17/8/2018 9:21;23.01;0;0.169572;1.0091;-0.0118289;
70020;17/8/2018 9:22;23.02;0;0.169572;1.0091;-0.0118289;
70080;17/8/2018 9:23;23.02;0;0.169572;1.0091;-0.0118289;
70140;17/8/2018 9:24;23.05;0;0.169572;1.0091;-0.0118289;
70200;17/8/2018 9:25;23.06;0;0.169572;1.0091;-0.0118289;
70260;17/8/2018 9:26;23.09;0;0.169572;1.0091;-0.0118289;
70320;17/8/2018 9:27;23.11;0;0.169572;1.0091;-0.0118289;
70380;17/8/2018 9:28;23.11;0;0.169572;1.0091;-0.0118289;
70440;17/8/2018 9:29;23.15;0;0.169572;1.0091;-0.0118289;
70500;17/8/2018 9:30;23.14;0;0.169572;1.0091;-0.0118289;
70560;17/8/2018 9:31;23.17;0;0.169572;1.0091;-0.0118289;
70620;17/8/2018 9:32;23.19;0;0.169572;1.0091;-0.0118289;
70680;17/8/2018 9:33;23.19;0;0.169572;1.0091;-0.0118289;
70740;17/8/2018 9:34;23.21;0;0.169572;1.0091;-0.0118289;
70800;17/8/2018 9:35;23.24;0;0.169572;1.0091;-0.0118289;
70860;17/8/2018 9:36;23.25;0;0.169572;1.0091;-0.0118289;
70920;17/8/2018 9:37;23.26;0;0.169572;1.0091;-0.0118289;
70980;17/8/2018 9:38;23.28;0;0.169572;1.0091;-0.0118289;
71040;17/8/2018 9:39;23.31;0;0.169572;1.0091;-0.0118289;
71100;17/8/2018 9:40;23.32;0;0.169572;1.0091;-0.0118289;
71160;17/8/2018 9:41;23.33;0;0.169572;1.0091;-0.0118289;
71220;17/8/2018 9:42;23.36;0;0.169572;1.0091;-0.0118289;
71280;17/8/2018 9:43;23.39;0;0.169572;1.0091;-0.0118289;
71340;17/8/2018 9:44;23.42;0;0.169572;1.0091;-0.0118289;
71400;17/8/2018 9:45;23.44;0;0.169572;1.0091;-0.0118289;
71460;17/8/2018 9:46;23.46;0;0.169572;1.0091;-0.0118289;
71520;17/8/2018 9:47;23.48;0;0.169572;1.0091;-0.0118289;
71580;17/8/2018 9:48;23.51;0;0.169572;1.0091;-0.0118289;
71640;17/8/2018 9:49;23.52;0;0.169572;1.0091;-0.0118289;
71700;17/8/2018 9:50;23.54;20;0.0912218;1.0091;0.108763;
71760;17/8/2018 9:51;23.59;6;0.0912218;1.0091;0.108763;
71820;17/8/2018 9:52;23.63;0;0.0912218;1.0091;0.108763;
71880;17/8/2018 9:53;23.68;0;0.0912218;1.0091;0.108763;
71940;17/8/2018 9:54;23.75;0;0.0912218;1.0091;0.108763;
72000;17/8/2018 9:55;23.8;0;0.0912218;1.0091;0.123836;
72060;17/8/2018 9:56;23.9;0;0.0912218;1.0091;0.123836;
72120;17/8/2018 9:57;23.98;0;0.0912218;1.0091;0.108763;
72180;17/8/2018 9:58;24.04;0;0.0912218;1.0091;0.123836;
72240;17/8/2018 9:59;24.11;0;0.0912218;1.0091;0.123836;
72300;17/8/2018 10:00;24.19;0;0.0912218;1.0091;0.123836;
72360;17/8/2018 10:01;24.27;0;0.0912218;1.0091;0.123836;
72420;17/8/2018 10:02;24.34;0;0.106892;1.0091;0.123836;
72480;17/8/2018 10:03;24.42;0;0.0912218;1.0091;0.123836;
72540;17/8/2018 10:04;24.5;0;0.0912218;1.0091;0.123836;
72600;17/8/2018 10:05;24.53;0;0.0912218;1.0091;0.123836;
72660;17/8/2018 10:06;24.59;0;0.0912218;0.994119;0.108763;
72720;17/8/2018 10:07;24.77;95;0.138232;0.949173;-0.0118289;
72780;17/8/2018 10:08;25.43;271;0.341942;0.964155;-0.102272;
72840;17/8/2018 10:09;26.06;29;0.263592;0.979137;0.13891;
72900;17/8/2018 10:10;26.7;25;0.247922;0.814337;-0.509268;
72960;17/8/2018 10:11;27.23;13;0.420292;0.874264;-0.358529;
73020;17/8/2018 10:12;27.99;14;0.200912;0.799355;0.576054;
73080;17/8/2018 10:13;28.57;386;0.0598818;1.09899;0.018319;
73140;17/8/2018 10:14;28.57;611;0.451632;1.0091;0.0484668;
73200;17/8/2018 10:15;28.61;21;-0.00279819;1.02408;0.0635407;
73260;17/8/2018 10:16;28.96;5;0.0755518;0.91921;0.425315;
73320;17/8/2018 10:17;29.28;9;-0.00279819;0.724445;0.741867;
73380;17/8/2018 10:18;29.91;5;-0.0184682;0.694482;0.726793;
73440;17/8/2018 10:19;30.43;3;-0.0341382;0.694482;0.71172;
73500;17/8/2018 10:20;30.86;14;0.0912218;0.724445;0.71172;
73560;17/8/2018 10:21;31.18;1;0.0598818;0.664518;0.741867;
73620;17/8/2018 10:22;31.43;1;0.0442118;0.784373;0.606202;
73680;17/8/2018 10:23;31.77;3;0.0442118;0.6795;0.741867;
73740;17/8/2018 10:24;31.88;347;-0.0184682;1.02408;0.0333929;
73800;17/8/2018 10:25;31.62;135;0.294932;0.904228;-0.358529;
73860;17/8/2018 10:26;31.53;3;0.0128718;0.949173;-0.328381;
73920;17/8/2018 10:27;31.38;3;0.279262;0.979137;-0.0419767;
73980;17/8/2018 10:28;31.32;483;0.0442118;0.949173;0.28965;
74040;17/8/2018 10:29;31.16;161;0.106892;0.934191;-0.343455;
74100;17/8/2018 10:30;31.01;249;-0.0184682;0.979137;0.184132;
74160;17/8/2018 10:31;30.78;128;-0.0654782;0.889246;0.455463;
74220;17/8/2018 10:32;30.66;3;0.263592;0.574627;-0.810747;
74280;17/8/2018 10:33;30.85;2;0.153902;0.859282;-0.509268;
74340;17/8/2018 10:34;30.83;0;0.0912218;0.904228;-0.479121;
74400;17/8/2018 10:35;30.85;3;-0.300528;0.949173;0.123836;
74460;17/8/2018 10:36;30.85;29;0.106892;0.994119;0.153984;
74520;17/8/2018 10:37;30.67;33;0.0755518;1.0091;0.199206;
74580;17/8/2018 10:38;30.68;12;0.138232;0.754409;0.651424;
74640;17/8/2018 10:39;31.23;8;0.122562;0.739427;0.651424;
74700;17/8/2018 10:40;31.66;7;0.279262;0.724445;0.63635;
74760;17/8/2018 10:41;32.12;17;0.106892;0.829318;0.606202;
74820;17/8/2018 10:42;32.38;17;0.0128718;0.979137;0.28965;
74880;17/8/2018 10:43;32.16;46;0.153902;0.994119;0.0484668;
74940;17/8/2018 10:44;31.76;7;0.216582;0.979137;0.0333929;
75000;17/8/2018 10:45;31.37;14;-0.206508;0.964155;0.169058;
75060;17/8/2018 10:46;31.14;11;0.200912;0.964155;0.229354;
75120;17/8/2018 10:47;30.93;357;0.0128718;1.05405;0.0635407;
75180;17/8/2018 10:48;30.66;99;0.0598818;1.09899;0.0635407;
75240;17/8/2018 10:49;30.45;330;-0.0811482;0.994119;0.0484668;
75300;17/8/2018 10:50;30.21;444;-0.0184682;0.814337;-0.0269028;
75360;17/8/2018 10:51;30.03;208;0.0128718;0.889246;-0.509268;
75420;17/8/2018 10:52;29.98;6;-0.128158;0.829318;-0.524342;
75480;17/8/2018 10:53;29.88;2;-0.222178;0.8443;-0.509268;
75540;17/8/2018 10:54;30.11;64;-0.410218;0.889246;-0.192716;
75600;17/8/2018 10:55;30.39;6;-0.143828;0.649536;-0.750451;
75660;17/8/2018 10:56;30.54;169;-0.00279819;1.05405;0.0484668;
75720;17/8/2018 10:57;30.68;157;0.200912;0.889246;0.440389;
75780;17/8/2018 10:58;30.87;7;0.232252;0.904228;0.349945;
75840;17/8/2018 10:59;30.99;10;0.0285418;0.964155;-0.253012;
75900;17/8/2018 11:00;30.64;0;0.0128718;1.0091;-0.0269028;
75960;17/8/2018 11:01;30.26;312;-0.143828;0.979137;0.153984;
76020;17/8/2018 11:02;30.26;14;-0.0341382;1.0091;0.0786147;
76080;17/8/2018 11:03;30.23;258;0.153902;0.874264;0.0484668;
76140;17/8/2018 11:04;30.38;535;-0.0184682;0.994119;-0.117346;
76200;17/8/2018 11:05;30.41;11;0.0442118;0.979137;0.184132;
76260;17/8/2018 11:06;30.49;308;0.185242;1.29376;0.229354;
76320;17/8/2018 11:07;30.34;543;0.200912;1.11397;0.0635407;
76380;17/8/2018 11:08;30.17;315;0.106892;0.934191;0.349945;
76440;17/8/2018 11:09;30.4;235;0.0442118;1.11397;0.108763;
76500;17/8/2018 11:10;30.43;952;0.122562;0.874264;0.485611;
76560;17/8/2018 11:11;30.57;751;0.0442118;1.0091;-0.0871985;
76620;17/8/2018 11:12;30.59;469;-0.00279819;1.03906;0.0484668;
76680;17/8/2018 11:13;30.75;82;0.122562;0.964155;0.184132;
76740;17/8/2018 11:14;30.71;715;0.279262;0.934191;0.274576;
76800;17/8/2018 11:15;30.72;270;0.247922;0.454772;0.0936886;
76860;17/8/2018 11:16;30.86;501;0.279262;0.784373;0.530832;
76920;17/8/2018 11:17;31.28;404;-0.786298;-0.174466;-0.0570507;
76980;17/8/2018 11:18;31.35;1055;0.608332;0.739427;0.21428;
77040;17/8/2018 11:19;31.52;841;0.279262;0.964155;0.153984;
77100;17/8/2018 11:20;31.87;239;0.247922;0.8443;0.28965;
77160;17/8/2018 11:21;32.06;330;-0.0184682;0.799355;0.018319;
77220;17/8/2018 11:22;31.82;365;0.0912218;1.05405;-0.13242;
77280;17/8/2018 11:23;31.59;831;0.138232;0.8443;0.018319;
77340;17/8/2018 11:24;31.23;565;0.0442118;0.979137;0.21428;
77400;17/8/2018 11:25;30.99;513;0.0285418;1.26379;0.0936886;
77460;17/8/2018 11:26;30.69;431;-0.159498;0.979137;0.0484668;
77520;17/8/2018 11:27;30.36;899;-0.0968182;1.05405;0.0333929;
77580;17/8/2018 11:28;30.01;1176;0.0442118;0.769391;-0.0570507;
77640;17/8/2018 11:29;29.69;1032;0.216582;0.964155;-0.0118289;
77700;17/8/2018 11:30;29.57;939;-0.0498082;0.484736;0.018319;
77760;17/8/2018 11:31;29.66;808;0.200912;0.91921;0.0333929;
77820;17/8/2018 11:32;29.92;245;0.106892;0.994119;0.199206;
77880;17/8/2018 11:33;30.17;427;0.122562;1.11397;0.0936886;
77940;17/8/2018 11:34;30.32;325;0.279262;0.949173;0.0333929;
78000;17/8/2018 11:35;30.27;984;-0.0341382;0.874264;0.018319;
78060;17/8/2018 11:36;30.16;179;-0.206508;0.949173;0.0333929;
78120;17/8/2018 11:37;30.63;32;-0.112488;0.739427;0.651424;
78180;17/8/2018 11:38;30.93;16;-0.347538;0.889246;0.21428;
78240;17/8/2018 11:39;31.42;22;-0.316198;0.784373;0.545906;
78300;17/8/2018 11:40;31.33;365;-0.284858;0.949173;0.108763;
78360;17/8/2018 11:41;30.98;315;-0.190838;0.91921;0.0484668;
78420;17/8/2018 11:42;30.99;261;0.106892;1.03906;0.259502;
78480;17/8/2018 11:43;30.75;595;0.0285418;0.994119;0.0635407;
78540;17/8/2018 11:44;30.45;1085;0.200912;0.904228;-0.0118289;
78600;17/8/2018 11:45;30.09;1050;0.780702;-0.114539;0.169058;
78660;17/8/2018 11:46;29.84;1095;1.28214;-0.0995569;-0.0721246;
78720;17/8/2018 11:47;29.64;960;0.968741;0.110189;0.229354;
78780;17/8/2018 11:48;29.4;1165;0.624002;-0.129521;-0.0118289;
78840;17/8/2018 11:49;29.26;1202;1.64255;-0.309303;-0.0871985;
78900;17/8/2018 11:50;29.09;1285;0.937402;-0.144502;0.153984;
78960;17/8/2018 11:51;28.88;636;1.12544;-0.294321;0.123836;
79020;17/8/2018 11:52;28.71;826;1.12544;-0.20443;0.0786147;
79080;17/8/2018 11:53;28.55;955;1.01575;0.110189;0.0786147;
79140;17/8/2018 11:54;28.45;747;0.906062;-0.294321;0.0333929;
79200;17/8/2018 11:55;28.35;768;1.29781;-0.0546113;0.0484668;
79260;17/8/2018 11:56;28.61;154;0.984411;-0.0246476;0.13891;
79320;17/8/2018 11:57;29.12;49;0.968741;-0.0396294;0.184132;
79380;17/8/2018 11:58;29.37;327;0.686682;0.140153;-0.298233;
79440;17/8/2018 11:59;28.95;1071;1.5642;0.110189;-0.328381;
79500;17/8/2018 12:00;28.89;697;0.953071;-0.114539;0.0484668;
79560;17/8/2018 12:01;28.97;1049;0.953071;0.155135;0.0333929;
79620;17/8/2018 12:02;28.86;681;0.655342;-0.084575;0.13891;
79680;17/8/2018 12:03;28.75;930;1.06276;0.0652436;0.304724;
79740;17/8/2018 12:04;28.63;421;0.953071;-0.174466;0.304724;
79800;17/8/2018 12:05;28.84;541;0.937402;-0.129521;0.0936886;
79860;17/8/2018 12:06;28.79;618;1.00008;-0.159484;0.018319;
79920;17/8/2018 12:07;29.03;316;1.07843;-0.084575;0.169058;
79980;17/8/2018 12:08;29.28;415;0.968741;0.140153;-0.0118289;
80040;17/8/2018 12:09;29.49;261;1.00008;0.0352799;0.00324504;
80100;17/8/2018 12:10;29.62;127;0.921732;0.260008;-0.0269028;
80160;17/8/2018 12:11;29.85;153;1.10977;0.125171;0.018319;
80220;17/8/2018 12:12;30;165;0.874722;0.0952073;0.0333929;
80280;17/8/2018 12:13;29.95;484;0.859052;-0.324285;-0.373603;
80340;17/8/2018 12:14;29.87;765;1.04709;0.00531616;0.229354;
80400;17/8/2018 12:15;29.87;943;0.953071;0.0802255;-0.0269028;
80460;17/8/2018 12:16;29.87;624;1.07843;-0.0546113;0.0635407;
80520;17/8/2018 12:17;29.8;650;0.812042;-0.144502;0.319797;
80580;17/8/2018 12:18;29.89;831;1.06276;0.0502617;0.0333929;
80640;17/8/2018 12:19;30.07;801;0.968741;-0.0096657;0.169058;
80700;17/8/2018 12:20;29.96;430;-0.347538;0.754409;0.123836;
80760;17/8/2018 12:21;29.99;592;-0.112488;0.979137;0.0635407;
80820;17/8/2018 12:22;29.87;254;-0.974338;0.125171;0.0936886;
80880;17/8/2018 12:23;29.56;632;-0.990008;0.020298;0.0484668;
80940;17/8/2018 12:24;29.66;576;-1.20939;0.140153;-0.192716;
81000;17/8/2018 12:25;30.11;400;-0.864648;0.125171;0.470537;
81060;17/8/2018 12:26;30.52;4;-1.00568;-0.129521;0.108763;
81120;17/8/2018 12:27;30.2;125;-0.990008;0.20008;0.0936886;
81180;17/8/2018 12:28;29.95;516;-1.00568;0.0802255;-0.117346;
81240;17/8/2018 12:29;29.71;313;-0.974338;0.0652436;0.13891;
81300;17/8/2018 12:30;29.54;86;-0.990008;0.00531616;0.229354;
81360;17/8/2018 12:31;29.46;393;-0.833308;0.00531616;-0.0721246;
81420;17/8/2018 12:32;29.21;278;-0.880318;0.0352799;0.470537;
81480;17/8/2018 12:33;29.12;230;-1.00568;0.0352799;-0.0419767;
81540;17/8/2018 12:34;28.92;204;-1.00568;0.0802255;0.169058;
81600;17/8/2018 12:35;28.87;874;-1.14671;0.27499;0.0484668;
81660;17/8/2018 12:36;28.84;974;-0.974338;0.215062;-0.0269028;
81720;17/8/2018 12:37;28.77;731;-1.71083;0.140153;0.018319;
81780;17/8/2018 12:38;28.95;208;-0.880318;0.140153;0.440389;
81840;17/8/2018 12:39;29.32;287;-1.03702;-0.0546113;0.21428;
81900;17/8/2018 12:40;29.68;68;-1.00568;-0.0546113;0.500685;
81960;17/8/2018 12:41;29.64;375;-0.958668;0.170117;0.153984;
82020;17/8/2018 12:42;29.84;5;-0.974338;0.125171;0.244428;
82080;17/8/2018 12:43;29.7;233;-0.880318;0.20008;0.153984;
82140;17/8/2018 12:44;29.8;226;-1.61681;0.155135;0.123836;
82200;17/8/2018 12:45;29.64;341;-0.990008;0.215062;0.199206;
82260;17/8/2018 12:46;29.69;192;-0.958668;0.245026;0.0333929;
82320;17/8/2018 12:47;29.83;72;-0.880318;0.110189;0.018319;
82380;17/8/2018 12:48;29.75;138;-0.990008;0.155135;0.0484668;
82440;17/8/2018 12:49;29.69;49;-1.02135;0.0352799;0.0484668;
82500;17/8/2018 12:50;29.66;12;-0.833308;0.334917;0.380093;
82560;17/8/2018 12:51;29.7;465;-1.31908;0.230044;0.0484668;
82620;17/8/2018 12:52;29.95;1151;-1.06836;-0.144502;0.018319;
82680;17/8/2018 12:53;30.56;95;-0.927328;0.20008;0.229354;
82740;17/8/2018 12:54;30.96;522;-0.848978;0.0352799;0.440389;
82800;17/8/2018 12:55;31.36;672;-0.927328;-0.0096657;0.259502;
82860;17/8/2018 12:56;31.75;818;-0.723618;-0.0396294;0.425315;
82920;17/8/2018 12:57;32.09;790;-0.848978;0.00531616;0.184132;
82980;17/8/2018 12:58;32.13;384;-0.990008;-0.144502;0.259502;
83040;17/8/2018 12:59;32.23;528;-0.817638;-0.0396294;0.0333929;
83100;17/8/2018 13:00;31.59;555;-1.08403;0.349899;0.0484668;
83160;17/8/2018 13:01;31.09;105;-0.990008;-0.0246476;0.244428;
83220;17/8/2018 13:02;30.83;166;-0.974338;0.0502617;0.0333929;
83280;17/8/2018 13:03;30.42;478;-0.707948;0.170117;-0.0118289;
83340;17/8/2018 13:04;30.33;131;-0.974338;-0.0096657;-0.0118289;
83400;17/8/2018 13:05;30.36;0;-1.00568;-0.20443;-0.147494;
83460;17/8/2018 13:06;30.38;297;-0.990008;-0.0246476;0.13891;
83520;17/8/2018 13:07;30.02;632;-0.801968;0.140153;0.56098;
83580;17/8/2018 13:08;29.92;114;-0.895988;0.469754;-0.162568;
83640;17/8/2018 13:09;29.84;14;-0.990008;0.020298;-0.20779;
83700;17/8/2018 13:10;29.79;2;-0.786298;-0.0396294;-0.62986;
83760;17/8/2018 13:11;29.74;22;-0.880318;0.245026;-0.418825;
83820;17/8/2018 13:12;29.77;28;-0.990008;0.125171;0.153984;
83880;17/8/2018 13:13;29.91;16;-0.958668;-0.0695931;0.0936886;
83940;17/8/2018 13:14;30.04;22;-1.05269;0.20008;0.108763;
84000;17/8/2018 13:15;30.18;56;-0.942998;-0.0995569;0.00324504;
84060;17/8/2018 13:16;30.18;447;-1.06836;-0.114539;-0.0570507;
84120;17/8/2018 13:17;30.23;14;-0.848978;0.110189;-0.539416;
84180;17/8/2018 13:18;30.28;5;-0.990008;-0.0995569;0.108763;
84240;17/8/2018 13:19;30.3;11;-0.911658;0.0952073;-0.448973;
84300;17/8/2018 13:20;30.36;11;-1.03702;-0.189448;0.108763;
84360;17/8/2018 13:21;30.4;2;-1.02135;0.020298;0.0333929;
84420;17/8/2018 13:22;30.43;23;-1.00568;-0.0546113;-0.177642;
84480;17/8/2018 13:23;30.49;17;-0.927328;0.185098;-0.373603;
84540;17/8/2018 13:24;30.51;116;-1.06836;-0.144502;0.018319;
84600;17/8/2018 13:25;30.73;282;-0.942998;0.260008;0.153984;
84660;17/8/2018 13:26;30.98;280;-0.958668;0.170117;0.169058;
84720;17/8/2018 13:27;31.03;32;-0.974338;0.27499;0.0484668;
84780;17/8/2018 13:28;30.75;746;-0.942998;-0.189448;0.018319;
84840;17/8/2018 13:29;30.56;131;-0.676608;0.0352799;-0.765525;
84900;17/8/2018 13:30;30.63;60;-0.958668;0.20008;-0.298233;
84960;17/8/2018 13:31;30.71;21;-1.02135;-0.159484;0.108763;
85020;17/8/2018 13:32;30.64;187;-0.801968;-0.0246476;-0.62986;
85080;17/8/2018 13:33;30.34;246;-1.00568;0.140153;0.0786147;
85140;17/8/2018 13:34;30.23;421;0.0912218;0.889246;0.0333929;
85200;17/8/2018 13:35;30.32;198;-0.253518;0.889246;0.380093;
85260;17/8/2018 13:36;30.62;15;-0.112488;0.889246;0.455463;
85320;17/8/2018 13:37;30.83;4;-0.222178;0.889246;0.440389;
85380;17/8/2018 13:38;30.98;49;0.0128718;0.889246;0.500685;
85440;17/8/2018 13:39;30.85;7;-0.0968182;0.904228;0.410241;
85500;17/8/2018 13:40;30.62;197;0.0755518;0.889246;0.455463;
85560;17/8/2018 13:41;30.64;2;0.0285418;0.904228;0.410241;
85620;17/8/2018 13:42;30.85;10;0.310602;0.604591;-0.750451;
85680;17/8/2018 13:43;31.08;41;0.169572;0.754409;0.651424;
85740;17/8/2018 13:44;31.37;16;0.0912218;0.904228;0.425315;
85800;17/8/2018 13:45;31.25;13;-0.0654782;0.904228;0.380093;
85860;17/8/2018 13:46;31.22;42;0.122562;0.889246;0.349945;
85920;17/8/2018 13:47;31.34;361;0.216582;1.21885;0.108763;
85980;17/8/2018 13:48;31.64;226;0.106892;0.859282;0.515759;
86040;17/8/2018 13:49;32.19;18;0.153902;0.829318;0.545906;
86100;17/8/2018 13:50;32.45;26;0.279262;0.709464;0.666498;
86160;17/8/2018 13:51;32.61;2;0.294932;0.694482;0.907681;
86220;17/8/2018 13:52;32.88;30;0.435962;0.754409;0.530832;
86280;17/8/2018 13:53;33.2;21;0.0442118;0.499718;0.877533;
86340;17/8/2018 13:54;33.37;41;0.169572;0.874264;0.500685;
86400;17/8/2018 13:55;33.45;24;0.138232;0.904228;0.425315;
86460;17/8/2018 13:56;33.29;49;0.294932;0.934191;-0.328381;
86520;17/8/2018 13:57;32.93;44;0.373282;0.859282;0.380093;
86580;17/8/2018 13:58;32.63;22;0.185242;0.649536;0.741867;
86640;17/8/2018 13:59;32.86;27;0.153902;0.949173;-0.328381;
86700;17/8/2018 14:00;32.91;55;0.106892;0.739427;0.681572;
86760;17/8/2018 14:01;32.89;113;0.561322;0.664518;0.515759;
86820;17/8/2018 14:02;32.38;74;0.0598818;1.02408;0.0484668;
86880;17/8/2018 14:03;32.19;86;0.153902;0.904228;0.319797;
86940;17/8/2018 14:04;32.21;26;0.169572;0.934191;0.319797;
87000;17/8/2018 14:05;32.03;41;-0.0184682;0.724445;-0.720303;
87060;17/8/2018 14:06;32.02;50;0.153902;0.91921;-0.388677;
87120;17/8/2018 14:07;32.16;37;0.0598818;0.724445;0.696646;
87180;17/8/2018 14:08;32.24;30;-0.00279819;0.589609;0.817237;
87240;17/8/2018 14:09;32.39;24;-0.0184682;0.799355;0.591128;
87300;17/8/2018 14:10;32.02;33;-0.0184682;1.0091;0.0484668;
87360;17/8/2018 14:11;31.51;12;0.0128718;0.964155;-0.313307;
87420;17/8/2018 14:12;31.32;154;0.294932;0.979137;0.0786147;
87480;17/8/2018 14:13;31.32;566;0.655342;1.90801;0.319797;
87540;17/8/2018 14:14;31.05;432;0.341942;0.934191;-0.0871985;
87600;17/8/2018 14:15;31;27;0.0755518;0.949173;-0.373603;
87660;17/8/2018 14:16;31.09;38;0.0755518;0.91921;-0.433899;
87720;17/8/2018 14:17;31.17;29;0.0442118;0.874264;0.485611;
87780;17/8/2018 14:18;31.96;54;0.185242;0.8443;0.530832;
87840;17/8/2018 14:19;32.31;79;0.0598818;0.979137;0.229354;
87900;17/8/2018 14:20;32.75;41;0.0442118;0.799355;0.591128;
87960;17/8/2018 14:21;32.99;80;0.153902;0.829318;0.500685;
88020;17/8/2018 14:22;33.01;29;-0.0184682;0.694482;-0.750451;
88080;17/8/2018 14:23;32.89;10;-0.0184682;0.649536;-0.780599;
88140;17/8/2018 14:24;33.16;68;0.0285418;0.499718;0.877533;
88200;17/8/2018 14:25;33.48;19;0.0755518;0.544663;0.847385;
88260;17/8/2018 14:26;33.54;74;-0.143828;1.03906;0.229354;
88320;17/8/2018 14:27;33.3;7;-0.0498082;1.02408;0.0333929;
88380;17/8/2018 14:28;33.31;5;0.247922;0.859282;-0.494195;
88440;17/8/2018 14:29;32.91;7;-0.00279819;0.979137;0.21428;
88500;17/8/2018 14:30;32.39;1;0.106892;0.964155;0.259502;
88560;17/8/2018 14:31;32.25;24;-0.00279819;0.859282;0.515759;
88620;17/8/2018 14:32;32.3;9;-0.0811482;0.8443;0.545906;
88680;17/8/2018 14:33;32.35;16;0.0442118;0.859282;0.530832;
88740;17/8/2018 14:34;32.49;1;0.122562;0.859282;0.500685;
88800;17/8/2018 14:35;32.52;22;-0.00279819;0.799355;0.606202;
88860;17/8/2018 14:36;32.47;33;0.0598818;0.889246;0.470537;
88920;17/8/2018 14:37;32.59;17;0.294932;0.8443;0.470537;
88980;17/8/2018 14:38;32.47;60;0.169572;0.979137;0.0635407;
89040;17/8/2018 14:39;32.09;56;0.0442118;0.649536;0.756941;
89100;17/8/2018 14:40;32.16;117;0.279262;0.874264;0.395167;
89160;17/8/2018 14:41;32.43;22;0.169572;0.934191;0.365019;
89220;17/8/2018 14:42;32.65;3;0.0912218;0.91921;0.410241;
89280;17/8/2018 14:43;32.6;45;0.0285418;1.0091;0.259502;
89340;17/8/2018 14:44;32.49;68;0.232252;0.769391;0.591128;
89400;17/8/2018 14:45;32.54;12;0.263592;0.859282;0.485611;
89460;17/8/2018 14:46;32.52;5;-0.0811482;1.0091;0.365019;
89520;17/8/2018 14:47;32.34;18;0.169572;0.934191;0.334871;
89580;17/8/2018 14:48;31.89;46;0.0912218;0.934191;0.349945;
89640;17/8/2018 14:49;31.73;50;0.326272;0.964155;0.0635407;
89700;17/8/2018 14:50;31.63;16;0.435962;0.874264;0.244428;
89760;17/8/2018 14:51;31.7;5;0.341942;0.91921;0.28965;
89820;17/8/2018 14:52;31.3;136;0.576992;0.829318;-0.192716;
89880;17/8/2018 14:53;31.1;120;0.294932;0.934191;-0.358529;
89940;17/8/2018 14:54;31.07;89;0.279262;0.91921;0.274576;
90000;17/8/2018 14:55;31.13;512;0.122562;0.499718;0.0635407;
90060;17/8/2018 14:56;31.06;19;0.498642;0.694482;-0.539416;
90120;17/8/2018 14:57;30.8;22;0.247922;0.889246;-0.448973;
90180;17/8/2018 14:58;30.6;4;0.0912218;0.769391;0.651424;
90240;17/8/2018 14:59;30.6;15;0.247922;0.859282;-0.479121;
90300;17/8/2018 15:00;30.76;16;-0.0184682;0.589609;-0.855969;
90360;17/8/2018 15:01;30.95;17;0.153902;0.649536;-0.750451;
90420;17/8/2018 15:02;31;198;0.341942;0.979137;0.0936886;
90480;17/8/2018 15:03;30.84;267;0.0442118;1.0091;0.259502;
90540;17/8/2018 15:04;30.56;435;0.232252;0.979137;0.0635407;
90600;17/8/2018 15:05;30.1;516;0.263592;1.0091;0.184132;
90660;17/8/2018 15:06;30.16;436;0.310602;0.949173;0.0786147;
90720;17/8/2018 15:07;29.92;345;0.326272;0.91921;0.21428;
90780;17/8/2018 15:08;30.02;312;0.341942;0.91921;0.169058;
90840;17/8/2018 15:09;30.17;148;0.294932;0.964155;0.123836;
90900;17/8/2018 15:10;30.34;335;0.608332;0.8443;0.00324504;
90960;17/8/2018 15:11;30.42;244;0.373282;0.964155;0.0333929;
91020;17/8/2018 15:12;31.39;71;0.216582;0.934191;0.108763;
91080;17/8/2018 15:13;31.36;626;0.122562;1.0091;0.0635407;
91140;17/8/2018 15:14;30.86;739;0.0442118;0.964155;-0.0118289;
91200;17/8/2018 15:15;30.3;1020;-0.0184682;0.994119;0.0936886;
91260;17/8/2018 15:16;29.8;857;0.0285418;0.859282;-0.0570507;
91320;17/8/2018 15:17;29.8;990;0.0128718;1.02408;0.0484668;
91380;17/8/2018 15:18;29.71;1047;0.0285418;0.994119;0.21428;
91440;17/8/2018 15:19;29.95;499;0.0912218;0.964155;0.259502;
91500;17/8/2018 15:20;30.82;66;-0.0968182;1.05405;0.018319;
91560;17/8/2018 15:21;31.04;517;0.0598818;1.0091;0.13891;
91620;17/8/2018 15:22;31.25;205;0.357612;1.12896;0.0635407;
91680;17/8/2018 15:23;31.34;64;0.279262;0.964155;0.13891;
91740;17/8/2018 15:24;31.38;396;-1.71083;0.125171;0.0333929;
91800;17/8/2018 15:25;30.9;370;-0.143828;0.949173;0.00324504;
91860;17/8/2018 15:26;30.8;234;0.0442118;1.0091;0.13891;
91920;17/8/2018 15:27;31.2;16;0.0912218;0.784373;0.606202;
91980;17/8/2018 15:28;31.57;19;0.0285418;1.03906;0.0786147;
92040;17/8/2018 15:29;31.44;113;-0.0654782;0.964155;0.0786147;
92100;17/8/2018 15:30;30.96;370;-0.300528;0.964155;0.199206;
92160;17/8/2018 15:31;30.62;350;0.153902;0.589609;0.153984;
92220;17/8/2018 15:32;30.11;617;-1.02135;0.185098;0.21428;
92280;17/8/2018 15:33;30.04;54;-0.990008;-0.0695931;0.0786147;
92340;17/8/2018 15:34;30.11;144;-1.00568;0.00531616;0.0484668;
92400;17/8/2018 15:35;30.43;245;-0.958668;-0.159484;0.304724;
92460;17/8/2018 15:36;30.5;368;-0.895988;-0.264357;0.0333929;
92520;17/8/2018 15:37;30.4;522;-0.895988;0.0352799;0.018319;
92580;17/8/2018 15:38;30.41;91;-1.05269;0.110189;0.153984;
92640;17/8/2018 15:39;30.52;162;-1.02135;0.349899;0.0635407;
92700;17/8/2018 15:40;30.29;279;-0.801968;0.529681;0.259502;
92760;17/8/2018 15:41;30;744;-0.880318;0.499718;0.0484668;
92820;17/8/2018 15:42;29.62;543;-0.833308;0.544663;0.0333929;
92880;17/8/2018 15:43;29.74;57;-0.895988;0.155135;-0.0118289;
92940;17/8/2018 15:44;29.78;34;-0.895988;0.349899;0.229354;
93000;17/8/2018 15:45;29.73;217;-0.833308;0.349899;0.00324504;
93060;17/8/2018 15:46;29.47;517;-1.38176;0.304953;-0.253012;
93120;17/8/2018 15:47;29.21;459;-1.13104;0.0652436;0.0635407;
93180;17/8/2018 15:48;28.92;542;-1.42877;-0.0995569;0.00324504;
93240;17/8/2018 15:49;28.67;542;-0.566918;0.140153;-0.0721246;
93300;17/8/2018 15:50;29.04;244;-0.958668;0.110189;0.259502;
93360;17/8/2018 15:51;29.46;219;-1.14671;-0.0246476;-0.102272;
93420;17/8/2018 15:52;29.29;172;-1.00568;0.020298;0.123836;
93480;17/8/2018 15:53;29.03;15;-0.801968;-0.264357;0.21428;
93540;17/8/2018 15:54;28.91;6;-0.942998;0.020298;0.365019;
93600;17/8/2018 15:55;29.02;5;-0.864648;-0.144502;0.515759;
93660;17/8/2018 15:56;29.15;43;-0.927328;0.260008;-0.313307;
93720;17/8/2018 15:57;29.44;23;-0.660938;-0.399194;-0.675082;
93780;17/8/2018 15:58;29.21;2;-0.582588;-0.264357;-0.795673;
93840;17/8/2018 15:59;28.85;1;-0.895988;0.0652436;-0.464047;
93900;17/8/2018 16:00;28.65;17;-1.00568;0.155135;0.0333929;
93960;17/8/2018 16:01;28.47;5;-0.958668;0.215062;0.0333929;
94020;17/8/2018 16:02;28.38;184;-0.942998;0.125171;0.21428;
94080;17/8/2018 16:03;28.78;291;-0.880318;0.0952073;0.153984;
94140;17/8/2018 16:04;29.32;102;-1.00568;0.0652436;0.184132;
94200;17/8/2018 16:05;29.5;116;-0.958668;0.20008;0.169058;
94260;17/8/2018 16:06;29.45;685;-0.786298;0.20008;0.229354;
94320;17/8/2018 16:07;29.35;253;-0.817638;0.155135;-0.660008;
94380;17/8/2018 16:08;29.84;206;-0.958668;0.185098;0.00324504;
94440;17/8/2018 16:09;29.99;889;-0.880318;-0.084575;-0.0570507;
94500;17/8/2018 16:10;29.97;322;-0.958668;-0.129521;0.349945;
94560;17/8/2018 16:11;29.76;33;-0.927328;0.349899;0.108763;
94620;17/8/2018 16:12;29.5;15;-0.958668;0.170117;-0.0269028;
94680;17/8/2018 16:13;29.19;11;-0.676608;0.574627;-0.448973;
94740;17/8/2018 16:14;29.38;216;-0.958668;0.245026;0.0936886;
94800;17/8/2018 16:15;29.88;293;-0.990008;0.0502617;0.184132;
94860;17/8/2018 16:16;30.42;393;-1.11537;0.0652436;0.018319;
94920;17/8/2018 16:17;30.48;89;-0.974338;0.0652436;0.123836;
94980;17/8/2018 16:18;30.77;76;-0.958668;-0.0246476;0.123836;
95040;17/8/2018 16:19;31.01;74;-0.958668;0.170117;0.13891;
95100;17/8/2018 16:20;30.98;48;-0.958668;0.0952073;0.0635407;
95160;17/8/2018 16:21;30.75;149;-0.974338;0.125171;0.0936886;
95220;17/8/2018 16:22;30.56;343;-0.958668;0.245026;0.0484668;
95280;17/8/2018 16:23;30.21;501;-1.00568;0.0652436;0.108763;
95340;17/8/2018 16:24;29.84;453;-1.05269;0.00531616;0.108763;
95400;17/8/2018 16:25;29.61;92;-0.974338;0.215062;-0.0419767;
95460;17/8/2018 16:26;29.48;62;-0.942998;0.20008;0.0333929;
95520;17/8/2018 16:27;29.38;520;-0.990008;0.0952073;-0.0721246;
95580;17/8/2018 16:28;29.14;533;-0.582588;-0.0546113;0.0936886;
95640;17/8/2018 16:29;28.9;148;-0.942998;0.185098;0.0936886;
95700;17/8/2018 16:30;28.91;134;-0.739288;0.020298;0.0484668;
95760;17/8/2018 16:31;29.08;512;-0.958668;0.245026;0.0333929;
95820;17/8/2018 16:32;28.89;713;-0.472898;-0.998468;0.153984;
95880;17/8/2018 16:33;28.69;652;-0.347538;-0.983487;0.0333929;
95940;17/8/2018 16:34;28.53;631;-0.347538;-0.908577;0.0936886;
96000;17/8/2018 16:35;28.4;226;-0.284858;-0.968505;0.0484668;
96060;17/8/2018 16:36;28.3;210;-0.284858;-0.878614;0.606202;
96120;17/8/2018 16:37;28.29;717;-0.660938;-0.578976;0.0786147;
96180;17/8/2018 16:38;28.08;995;2.04997;-0.129521;0.304724;
96240;17/8/2018 16:39;28.08;393;0.968741;-0.20443;0.0786147;
96300;17/8/2018 16:40;28.08;84;0.953071;-0.174466;0.199206;
96360;17/8/2018 16:41;28.32;258;0.984411;-0.0546113;0.108763;
96420;17/8/2018 16:42;28.75;233;1.01575;-0.174466;-0.0269028;
96480;17/8/2018 16:43;28.4;402;0.153902;-0.893595;-0.524342;
96540;17/8/2018 16:44;28.07;508;1.00008;-0.0995569;0.0936886;
96600;17/8/2018 16:45;28.02;167;1.07843;-0.174466;-0.0118289;
96660;17/8/2018 16:46;27.93;425;0.812042;0.409826;0.108763;
96720;17/8/2018 16:47;27.76;557;1.31348;0.00531616;-0.0118289;
96780;17/8/2018 16:48;27.62;635;0.937402;-0.114539;0.0484668;
96840;17/8/2018 16:49;27.5;509;0.843382;0.125171;0.545906;
96900;17/8/2018 16:50;27.51;972;1.07843;-0.084575;0.259502;
96960;17/8/2018 16:51;27.62;264;1.07843;0.230044;0.0936886;
97020;17/8/2018 16:52;27.71;428;1.01575;0.0652436;0.0484668;
97080;17/8/2018 16:53;27.64;302;1.00008;-0.114539;0.123836;
97140;17/8/2018 16:54;28.57;128;1.00008;-0.0396294;0.123836;
97200;17/8/2018 16:55;28.3;203;1.00008;0.020298;0.0484668;
97260;17/8/2018 16:56;28.07;373;0.874722;-0.264357;-0.147494;
97320;17/8/2018 16:57;27.93;737;1.28214;0.245026;-0.0118289;
97380;17/8/2018 16:58;27.89;408;1.00008;-0.0995569;-0.0419767;
97440;17/8/2018 16:59;27.8;912;-1.13104;-0.114539;-0.0419767;
97500;17/8/2018 17:00;27.7;220;-1.00568;-0.189448;0.018319;
97560;17/8/2018 17:01;28.14;78;-0.927328;-0.234394;0.365019;
97620;17/8/2018 17:02;28.31;731;-1.00568;-0.174466;0.0333929;
97680;17/8/2018 17:03;28.24;205;-1.00568;-0.174466;0.0635407;
97740;17/8/2018 17:04;28.29;573;-1.00568;-0.0695931;0.153984;
97800;17/8/2018 17:05;28.1;603;-1.49145;0.110189;0.0333929;
97860;17/8/2018 17:06;28.01;625;-0.754958;-0.144502;-0.569564;
97920;17/8/2018 17:07;27.8;498;-0.974338;-0.249375;0.0936886;
97980;17/8/2018 17:08;27.7;416;-1.00568;0.0652436;0.274576;
98040;17/8/2018 17:09;27.92;497;-1.31908;0.0352799;0.0333929;
98100;17/8/2018 17:10;28.93;112;-0.895988;0.00531616;0.259502;
98160;17/8/2018 17:11;29.64;123;-0.801968;0.020298;0.621276;
98220;17/8/2018 17:12;30.56;264;-0.974338;-0.0096657;0.28965;
98280;17/8/2018 17:13;30.34;445;-0.942998;0.0802255;0.00324504;
98340;17/8/2018 17:14;29.6;720;-0.927328;-0.129521;-0.117346;
98400;17/8/2018 17:15;28.82;865;-1.13104;0.364881;-0.0118289;
98460;17/8/2018 17:16;28.24;832;-1.03702;0.260008;0.0484668;
98520;17/8/2018 17:17;27.96;255;-1.05269;0.00531616;0.0333929;
98580;17/8/2018 17:18;27.87;417;-1.33475;0.260008;0.21428;
98640;17/8/2018 17:19;27.6;578;-1.20939;0.110189;0.108763;
98700;17/8/2018 17:20;27.52;890;-0.425888;0.694482;-0.599712;
98760;17/8/2018 17:21;27.19;7;-0.566918;0.230044;-0.810747;
98820;17/8/2018 17:22;26.91;0;-0.566918;0.215062;-0.810747;
98880;17/8/2018 17:23;26.68;0;-0.566918;0.230044;-0.810747;
98940;17/8/2018 17:24;26.48;0;-0.566918;0.215062;-0.810747;
99000;17/8/2018 17:25;26.36;0;-0.566918;0.230044;-0.810747;
99060;17/8/2018 17:26;26.25;0;-0.566918;0.215062;-0.810747;
99120;17/8/2018 17:27;26.17;0;-0.566918;0.230044;-0.810747;
99180;17/8/2018 17:28;26.13;0;-0.566918;0.230044;-0.825821;
99240;17/8/2018 17:29;26.07;0;-0.566918;0.215062;-0.825821;
99300;17/8/2018 17:30;26;0;-0.566918;0.230044;-0.825821;
99360;17/8/2018 17:31;25.93;0;-0.566918;0.230044;-0.825821;
99420;17/8/2018 17:32;25.86;0;-0.566918;0.230044;-0.810747;
99480;17/8/2018 17:33;25.81;0;-0.566918;0.230044;-0.825821;
99540;17/8/2018 17:34;25.78;0;-0.566918;0.230044;-0.810747;
99600;17/8/2018 17:35;25.75;0;-0.566918;0.215062;-0.825821;
99660;17/8/2018 17:36;25.73;0;-0.566918;0.230044;-0.810747;
99720;17/8/2018 17:37;25.71;0;-0.566918;0.215062;-0.825821;
99780;17/8/2018 17:38;25.69;0;-0.566918;0.230044;-0.825821;
99840;17/8/2018 17:39;25.65;0;-0.566918;0.215062;-0.825821;
99900;17/8/2018 17:40;25.59;0;-0.566918;0.230044;-0.825821;
99960;17/8/2018 17:41;25.55;0;-0.566918;0.230044;-0.825821;
100020;17/8/2018 17:42;25.51;0;-0.566918;0.230044;-0.810747;
100080;17/8/2018 17:43;25.48;0;-0.566918;0.230044;-0.825821;
100140;17/8/2018 17:44;25.42;0;-0.566918;0.230044;-0.825821;
100200;17/8/2018 17:45;25.4;0;-0.566918;0.230044;-0.825821;
100260;17/8/2018 17:46;25.37;0;-0.566918;0.230044;-0.825821;
100320;17/8/2018 17:47;25.36;0;-0.566918;0.230044;-0.825821;
100380;17/8/2018 17:48;25.33;0;-0.566918;0.230044;-0.825821;
100440;17/8/2018 17:49;25.28;0;-0.566918;0.215062;-0.810747;
100500;17/8/2018 17:50;25.27;0;-0.566918;0.230044;-0.825821;
100560;17/8/2018 17:51;25.25;0;-0.566918;0.230044;-0.825821;
100620;17/8/2018 17:52;25.23;0;-0.566918;0.230044;-0.825821;
100680;17/8/2018 17:53;25.21;0;-0.566918;0.215062;-0.825821;
100740;17/8/2018 17:54;25.19;0;-0.566918;0.230044;-0.825821;
100800;17/8/2018 17:55;25.16;0;-0.566918;0.230044;-0.810747;
100860;17/8/2018 17:56;25.13;0;-0.566918;0.215062;-0.810747;
100920;17/8/2018 17:57;25.14;0;-0.566918;0.215062;-0.825821;
100980;17/8/2018 17:58;25.11;0;-0.566918;0.230044;-0.825821;
101040;17/8/2018 17:59;25.09;0;-0.566918;0.215062;-0.825821;
101100;17/8/2018 18:00;25.04;0;-0.566918;0.230044;-0.825821;
101160;17/8/2018 18:01;25;0;-0.566918;0.230044;-0.825821;
101220;17/8/2018 18:02;24.99;0;-0.551248;0.230044;-0.825821;
101280;17/8/2018 18:03;24.97;0;-0.566918;0.230044;-0.825821;
101340;17/8/2018 18:04;24.97;0;-0.551248;0.230044;-0.825821;
101400;17/8/2018 18:05;24.94;0;-0.551248;0.230044;-0.825821;
101460;17/8/2018 18:06;24.94;0;-0.566918;0.230044;-0.825821;
101520;17/8/2018 18:07;24.91;0;-0.566918;0.215062;-0.825821;
101580;17/8/2018 18:08;24.91;0;-0.566918;0.230044;-0.825821;
101640;17/8/2018 18:09;24.88;0;-0.566918;0.230044;-0.825821;
101700;17/8/2018 18:10;24.85;0;-0.566918;0.215062;-0.825821;
101760;17/8/2018 18:11;24.84;0;-0.566918;0.230044;-0.825821;
101820;17/8/2018 18:12;24.89;331;0.420292;0.319935;0.847385;
101880;17/8/2018 18:13;25.1;627;0.671012;-0.36923;0.018319;
101940;17/8/2018 18:14;25.16;926;1.7209;-0.294321;0.470537;
102000;17/8/2018 18:15;25.22;763;1.10977;-0.384212;0.425315;
102060;17/8/2018 18:16;25.26;936;1.20379;-0.249375;0.229354;
102120;17/8/2018 18:17;25.31;430;0.467302;-0.219412;0.832311;
102180;17/8/2018 18:18;25.3;0;0.467302;-0.219412;0.832311;
102240;17/8/2018 18:19;25.33;0;0.467302;-0.219412;0.832311;
102300;17/8/2018 18:20;25.33;0;0.467302;-0.219412;0.832311;
102360;17/8/2018 18:21;25.33;0;0.467302;-0.219412;0.832311;
102420;17/8/2018 18:22;25.32;0;0.467302;-0.219412;0.832311;
102480;17/8/2018 18:23;25.33;0;0.467302;-0.219412;0.832311;
102540;17/8/2018 18:24;25.3;0;0.467302;-0.219412;0.832311;
102600;17/8/2018 18:25;25.31;0;0.467302;-0.219412;0.832311;
102660;17/8/2018 18:26;25.31;0;0.467302;-0.219412;0.832311;
102720;17/8/2018 18:27;25.3;0;0.467302;-0.219412;0.832311;
102780;17/8/2018 18:28;25.27;0;0.467302;-0.219412;0.832311;
102840;17/8/2018 18:29;25.25;0;0.467302;-0.219412;0.832311;
102900;17/8/2018 18:30;25.25;0;0.467302;-0.219412;0.832311;
102960;17/8/2018 18:31;25.23;0;0.467302;-0.219412;0.832311;
103020;17/8/2018 18:32;25.21;0;0.467302;-0.219412;0.832311;
103080;17/8/2018 18:33;25.2;0;0.467302;-0.219412;0.832311;
103140;17/8/2018 18:34;25.16;0;0.467302;-0.219412;0.832311;
103200;17/8/2018 18:35;25.2;86;0.0755518;-0.818686;0.666498;
103260;17/8/2018 18:36;25.35;80;0.232252;0.814337;-0.539416;
103320;17/8/2018 18:37;25.56;76;-0.519908;0.110189;0.847385;
103380;17/8/2018 18:38;25.5;4;-0.504238;0.125171;0.847385;
103440;17/8/2018 18:39;25.41;0;-0.504238;0.125171;0.847385;
103500;17/8/2018 18:40;25.32;3;-0.504238;0.185098;0.847385;
103560;17/8/2018 18:41;25.26;0;-0.566918;0.20008;0.787089;
103620;17/8/2018 18:42;25.2;0;-0.582588;0.20008;0.787089;
103680;17/8/2018 18:43;25.14;1;-0.582588;0.20008;0.787089;
103740;17/8/2018 18:44;25.09;6;-0.598258;0.20008;0.787089;
103800;17/8/2018 18:45;25.04;3;-0.598258;0.185098;0.787089;
103860;17/8/2018 18:46;24.97;1;-0.598258;0.185098;0.802163;
103920;17/8/2018 18:47;24.93;0;-0.582588;0.20008;0.787089;
103980;17/8/2018 18:48;24.91;12;-0.504238;0.0652436;0.862459;
104040;17/8/2018 18:49;24.93;12;-0.331868;0.215062;0.922754;
104100;17/8/2018 18:50;25.02;1;-0.300528;0.230044;0.922754;
104160;17/8/2018 18:51;25.09;0;-0.284858;0.230044;0.922754;
104220;17/8/2018 18:52;25.17;2;-0.300528;0.125171;0.937828;
104280;17/8/2018 18:53;25.18;16;-0.331868;0.0652436;0.937828;
104340;17/8/2018 18:54;25.11;142;-1.03702;0.0502617;0.00324504;
104400;17/8/2018 18:55;25.12;696;-0.990008;0.00531616;0.0786147;
104460;17/8/2018 18:56;25.57;181;-0.927328;0.409826;-0.147494;
104520;17/8/2018 18:57;26.24;16;-0.958668;0.27499;0.0484668;
104580;17/8/2018 18:58;26.93;0;-0.942998;0.27499;0.199206;
104640;17/8/2018 18:59;27.41;157;-0.770628;-0.0096657;0.681572;
104700;17/8/2018 19:00;27.73;0;-0.692278;-0.0396294;0.756941;
104760;17/8/2018 19:01;28.16;2;-0.645268;0.110189;0.756941;
104820;17/8/2018 19:02;28.58;24;-0.660938;-0.0096657;0.756941;
104880;17/8/2018 19:03;28.89;18;-0.645268;0.020298;0.787089;
104940;17/8/2018 19:04;29.12;0;-0.676608;-0.0096657;0.756941;
105000;17/8/2018 19:05;29.29;0;-0.660938;-0.0096657;0.756941;
105060;17/8/2018 19:06;29.46;0;-0.629598;-0.0096657;0.772015;
105120;17/8/2018 19:07;29.61;0;-0.629598;-0.0096657;0.787089;
105180;17/8/2018 19:08;29.76;38;-1.00568;-0.0695931;0.0786147;
105240;17/8/2018 19:09;29.29;630;-1.13104;0.0352799;0.13891;
105300;17/8/2018 19:10;28.73;271;-1.00568;0.00531616;0.0786147;
105360;17/8/2018 19:11;28.48;187;-0.942998;0.230044;0.153984;
105420;17/8/2018 19:12;28.18;111;-1.00568;0.125171;0.018319;
105480;17/8/2018 19:13;27.71;2;-1.05269;0.0802255;0.0635407;
105540;17/8/2018 19:14;27.38;35;-0.990008;-0.174466;-0.0269028;
105600;17/8/2018 19:15;27.19;4;-0.974338;0.140153;0.199206;
105660;17/8/2018 19:16;27.04;23;-0.927328;0.155135;-0.20779;
105720;17/8/2018 19:17;26.98;1;-0.942998;0.0802255;-0.388677;
105780;17/8/2018 19:18;26.93;3;-1.00568;0.155135;0.00324504;
105840;17/8/2018 19:19;26.93;137;-0.974338;0.0652436;0.184132;
105900;17/8/2018 19:20;27.16;43;-0.974338;0.0502617;0.274576;
105960;17/8/2018 19:21;27.36;37;-0.190838;-0.189448;0.98305;
106020;17/8/2018 19:22;28.53;20;-0.707948;0.155135;0.681572;
106080;17/8/2018 19:23;29.16;83;-1.02135;0.170117;0.018319;
106140;17/8/2018 19:24;28.85;771;-0.958668;0.00531616;0.018319;
106200;17/8/2018 19:25;28.18;583;-0.582588;0.230044;0.545906;
106260;17/8/2018 19:26;27.44;672;-1.16238;0.289971;-0.0269028;
106320;17/8/2018 19:27;26.79;930;-1.05269;-0.0695931;0.0333929;
106380;17/8/2018 19:28;26.04;973;-0.974338;0.0352799;0.184132;
106440;17/8/2018 19:29;25.75;367;-0.958668;0.245026;0.0333929;
106500;17/8/2018 19:30;25.84;401;-1.44444;0.394845;-0.117346;
106560;17/8/2018 19:31;25.86;561;-0.990008;0.0802255;0.153984;
106620;17/8/2018 19:32;25.87;739;-0.911658;-0.159484;0.00324504;
106680;17/8/2018 19:33;25.91;111;-0.613928;0.230044;-0.795673;
106740;17/8/2018 19:34;26.05;255;-0.613928;0.544663;-0.509268;
106800;17/8/2018 19:35;26.26;187;-0.990008;0.125171;0.28965;
106860;17/8/2018 19:36;26.43;78;-1.00568;0.020298;-0.222864;
106920;17/8/2018 19:37;26.59;313;-1.02135;0.304953;-0.0721246;
106980;17/8/2018 19:38;26.28;854;-1.83619;0.379863;0.123836;
107040;17/8/2018 19:39;25.93;605;-0.833308;-0.174466;0.530832;
107100;17/8/2018 19:40;25.71;4;-0.880318;-0.114539;0.470537;
107160;17/8/2018 19:41;25.83;22;-0.958668;0.0952073;-0.328381;
107220;17/8/2018 19:42;26.26;572;-1.00568;0.110189;0.00324504;
107280;17/8/2018 19:43;26.39;79;-1.35042;0.185098;0.0936886;
107340;17/8/2018 19:44;26.23;437;-1.02135;-0.114539;0.0635407;
107400;17/8/2018 19:45;26.17;184;-1.00568;0.125171;0.0635407;
107460;17/8/2018 19:46;26.27;121;-0.974338;-0.0246476;0.410241;
107520;17/8/2018 19:47;26.25;692;-0.770628;0.245026;-0.147494;
107580;17/8/2018 19:48;26.02;416;-0.817638;0.185098;-0.539416;
107640;17/8/2018 19:49;26.05;18;-0.864648;0.0502617;0.530832;
107700;17/8/2018 19:50;26.27;236;-0.958668;0.185098;0.425315;
107760;17/8/2018 19:51;27;54;-0.911658;-0.459121;-0.237938;
107820;17/8/2018 19:52;26.88;856;-0.848978;0.00531616;0.018319;
107880;17/8/2018 19:53;26.45;472;-0.864648;0.20008;0.018319;
107940;17/8/2018 19:54;26.2;884;-1.24073;0.020298;0.0936886;
108000;17/8/2018 19:55;25.83;508;-0.990008;0.155135;0.0484668;
108060;17/8/2018 19:56;25.6;529;-0.990008;0.215062;0.0333929;
108120;17/8/2018 19:57;25.91;34;-0.958668;0.260008;0.169058;
108180;17/8/2018 19:58;25.86;50;-0.394548;0.334917;0.847385;
108240;17/8/2018 19:59;26.05;108;-1.03702;-0.159484;-0.0269028;
108300;17/8/2018 20:00;26.16;18;-0.895988;0.334917;-0.328381;
108360;17/8/2018 20:01;26.17;0;-0.880318;0.349899;-0.358529;
108420;17/8/2018 20:02;26.17;66;-0.974338;0.20008;0.13891;
108480;17/8/2018 20:03;26.22;81;-0.817638;0.245026;0.410241;
108540;17/8/2018 20:04;27.27;32;-0.707948;0.155135;0.696646;
108600;17/8/2018 20:05;27.78;262;-0.942998;0.20008;0.169058;
108660;17/8/2018 20:06;27.7;223;-0.974338;0.319935;0.0635407;
108720;17/8/2018 20:07;27.25;149;-0.817638;0.379863;-0.479121;
108780;17/8/2018 20:08;26.89;43;-0.958668;0.215062;0.184132;
108840;17/8/2018 20:09;26.49;11;-0.942998;0.334917;0.0333929;
108900;17/8/2018 20:10;26.18;7;-0.660938;0.709464;0.199206;
108960;17/8/2018 20:11;26.05;53;-0.848978;0.484736;0.0635407;
109020;17/8/2018 20:12;26.29;0;-0.833308;0.469754;-0.313307;
109080;17/8/2018 20:13;26.28;11;-0.848978;0.379863;0.349945;
109140;17/8/2018 20:14;26.87;5;-0.817638;0.424808;0.365019;
109200;17/8/2018 20:15;27.43;22;-0.911658;0.125171;0.410241;
109260;17/8/2018 20:16;27.69;10;-0.848978;0.110189;0.530832;
109320;17/8/2018 20:17;27.83;32;-0.942998;0.27499;0.229354;
109380;17/8/2018 20:18;27.91;2;-0.833308;0.334917;0.199206;
109440;17/8/2018 20:19;27.99;14;-0.927328;0.289971;0.21428;
109500;17/8/2018 20:20;28.17;6;-0.911658;0.245026;0.319797;
109560;17/8/2018 20:21;28.26;4;-0.911658;0.304953;0.259502;
109620;17/8/2018 20:22;28.4;7;-0.864648;0.289971;0.470537;
109680;17/8/2018 20:23;28.46;5;-0.848978;0.379863;0.334871;
109740;17/8/2018 20:24;28.59;1;-0.864648;0.230044;0.425315;
109800;17/8/2018 20:25;28.77;36;-0.911658;0.125171;0.410241;
109860;17/8/2018 20:26;28.8;100;-0.848978;0.245026;0.425315;
109920;17/8/2018 20:27;28.2;24;-1.02135;0.0952073;0.018319;
109980;17/8/2018 20:28;27.46;191;-0.770628;0.409826;0.0786147;
110040;17/8/2018 20:29;26.93;415;-1.02135;0.349899;0.0786147;
110100;17/8/2018 20:30;26.65;222;-0.942998;0.0652436;0.259502;
110160;17/8/2018 20:31;26.63;455;-0.817638;0.170117;0.0333929;
110220;17/8/2018 20:32;25.97;642;-0.895988;0.409826;0.169058;
110280;17/8/2018 20:33;25.42;748;-0.895988;0.230044;0.018319;
110340;17/8/2018 20:34;24.93;561;-1.02135;0.185098;0.0484668;
110400;17/8/2018 20:35;24.78;187;-1.00568;0.155135;0.123836;
110460;17/8/2018 20:36;24.72;381;0.294932;0.0502617;0.937828;
110520;17/8/2018 20:37;24.27;18;0.0128718;0.8443;0.545906;
110580;17/8/2018 20:38;23.97;0;0.0128718;0.8443;0.545906;
110640;17/8/2018 20:39;23.76;0;0.0128718;0.8443;0.545906;
110700;17/8/2018 20:40;23.65;0;0.0128718;0.8443;0.545906;
110760;17/8/2018 20:41;23.54;0;0.0128718;0.8443;0.545906;
110820;17/8/2018 20:42;23.46;0;0.0128718;0.8443;0.545906;
110880;17/8/2018 20:43;23.39;0;0.0128718;0.8443;0.545906;
110940;17/8/2018 20:44;23.34;1;0.0442118;0.784373;0.621276;
111000;17/8/2018 20:45;23.27;0;0.0285418;0.784373;0.621276;
111060;17/8/2018 20:46;23.22;0;0.0285418;0.799355;0.606202;
111120;17/8/2018 20:47;23.16;17;-0.0184682;0.889246;0.455463;
111180;17/8/2018 20:48;23.1;0;-0.0341382;0.889246;0.470537;
111240;17/8/2018 20:49;23.09;11;0.0442118;0.829318;0.56098;
111300;17/8/2018 20:50;23.01;0;0.0442118;0.829318;0.56098;
111360;17/8/2018 20:51;22.98;0;0.0442118;0.829318;0.576054;
111420;17/8/2018 20:52;22.93;1;-0.0498082;0.859282;0.515759;
111480;17/8/2018 20:53;22.9;0;-0.0498082;0.859282;0.530832;
111540;17/8/2018 20:54;22.86;0;-0.0498082;0.859282;0.515759;
111600;17/8/2018 20:55;22.83;2;0.0128718;0.814337;0.591128;
111660;17/8/2018 20:56;22.79;0;-0.347538;0.514699;0.787089;
111720;17/8/2018 20:57;22.74;5;-0.0184682;0.334917;0.937828;
111780;17/8/2018 20:58;22.8;1;-0.0341382;0.319935;0.952902;
111840;17/8/2018 20:59;22.93;3;-0.0184682;0.544663;0.832311;
111900;17/8/2018 21:00;23.03;2;0.0912218;0.484736;0.862459;
111960;17/8/2018 21:01;23.09;0;0.0912218;0.484736;0.862459;
112020;17/8/2018 21:02;23.15;7;-0.0968182;0.230044;0.967976;
112080;17/8/2018 21:03;23.26;8;0.0912218;0.529681;0.832311;
112140;17/8/2018 21:04;23.34;13;-0.0968182;0.245026;0.967976;
112200;17/8/2018 21:05;23.45;0;-0.0811482;0.215062;0.967976;
112260;17/8/2018 21:06;23.57;4;0.0442118;0.394845;0.907681;
112320;17/8/2018 21:07;23.67;0;0.0598818;0.424808;0.907681;
112380;17/8/2018 21:08;23.74;0;0.0598818;0.424808;0.907681;
112440;17/8/2018 21:09;23.84;53;-0.504238;0.170117;0.832311;
112500;17/8/2018 21:10;23.99;0;-0.504238;0.170117;0.847385;
112560;17/8/2018 21:11;24.07;4;-0.441558;0.020298;0.892607;
112620;17/8/2018 21:12;24.15;2;-0.472898;0.0352799;0.877533;
112680;17/8/2018 21:13;24.23;1;-0.472898;0.0352799;0.877533;
112740;17/8/2018 21:14;24.27;7;-0.206508;0.454772;0.862459;
112800;17/8/2018 21:15;24.3;14;-0.222178;0.334917;0.907681;
112860;17/8/2018 21:16;24.32;1;-0.284858;0.304953;0.907681;
112920;17/8/2018 21:17;24.35;7;-0.347538;0.289971;0.877533;
112980;17/8/2018 21:18;24.38;1;-0.378878;0.260008;0.892607;
113040;17/8/2018 21:19;24.36;0;-0.363208;0.260008;0.892607;
113100;17/8/2018 21:20;24.38;17;-0.284858;0.215062;0.937828;
113160;17/8/2018 21:21;24.37;0;-0.269188;0.215062;0.937828;
113220;17/8/2018 21:22;24.39;0;-0.269188;0.215062;0.937828;
113280;17/8/2018 21:23;24.38;0;-0.269188;0.215062;0.937828;
113340;17/8/2018 21:24;24.36;0;-0.269188;0.215062;0.937828;
113400;17/8/2018 21:25;24.35;0;-0.269188;0.20008;0.937828;
113460;17/8/2018 21:26;24.34;0;-0.269188;0.20008;0.937828;
113520;17/8/2018 21:27;24.29;0;-0.269188;0.20008;0.937828;
113580;17/8/2018 21:28;24.26;0;-0.284858;0.20008;0.937828;
113640;17/8/2018 21:29;24.25;0;-0.269188;0.20008;0.937828;
113700;17/8/2018 21:30;24.2;0;-0.269188;0.20008;0.937828;
113760;17/8/2018 21:31;24.19;0;-0.269188;0.20008;0.937828;
113820;17/8/2018 21:32;24.16;0;-0.269188;0.215062;0.937828;
113880;17/8/2018 21:33;24.11;0;-0.269188;0.20008;0.937828;
113940;17/8/2018 21:34;24.1;1;-0.269188;0.215062;0.937828;
114000;17/8/2018 21:35;24.07;0;-0.269188;0.215062;0.937828;
114060;17/8/2018 21:36;24.02;0;-0.253518;0.215062;0.937828;
114120;17/8/2018 21:37;24;0;-0.269188;0.20008;0.937828;
114180;17/8/2018 21:38;23.96;0;-0.269188;0.215062;0.937828;
114240;17/8/2018 21:39;23.91;0;-0.269188;0.215062;0.937828;
114300;17/8/2018 21:40;23.88;0;-0.269188;0.215062;0.937828;
114360;17/8/2018 21:41;23.85;0;-0.269188;0.20008;0.937828;
114420;17/8/2018 21:42;23.82;0;-0.269188;0.20008;0.937828;
114480;17/8/2018 21:43;23.8;0;-0.269188;0.215062;0.937828;
114540;17/8/2018 21:44;23.74;1;-0.269188;0.215062;0.937828;
114600;17/8/2018 21:45;23.73;0;-0.269188;0.20008;0.937828;
114660;17/8/2018 21:46;23.69;0;-0.269188;0.185098;0.937828;
114720;17/8/2018 21:47;23.67;0;-0.269188;0.20008;0.937828;
114780;17/8/2018 21:48;23.64;0;-0.269188;0.185098;0.937828;
114840;17/8/2018 21:49;23.63;0;-0.269188;0.185098;0.937828;
114900;17/8/2018 21:50;23.59;0;-0.284858;0.185098;0.937828;
114960;17/8/2018 21:51;23.57;0;-0.284858;0.185098;0.937828;
115020;17/8/2018 21:52;23.56;0;-0.284858;0.185098;0.937828;
115080;17/8/2018 21:53;23.54;2;-0.300528;0.170117;0.937828;
115140;17/8/2018 21:54;23.53;0;-0.284858;0.170117;0.937828;
115200;17/8/2018 21:55;23.49;0;-0.284858;0.170117;0.937828;
115260;17/8/2018 21:56;23.48;0;-0.284858;0.170117;0.937828;
115320;17/8/2018 21:57;23.44;0;-0.284858;0.185098;0.937828;
115380;17/8/2018 21:58;23.44;0;-0.300528;0.170117;0.937828;
115440;17/8/2018 21:59;23.42;0;-0.300528;0.170117;0.937828;
115500;17/8/2018 22:00;23.4;0;-0.300528;0.170117;0.937828;
115560;17/8/2018 22:01;23.36;0;-0.300528;0.185098;0.937828;
115620;17/8/2018 22:02;23.34;0;-0.300528;0.170117;0.937828;
115680;17/8/2018 22:03;23.33;0;-0.300528;0.170117;0.937828;
115740;17/8/2018 22:04;23.31;0;-0.300528;0.170117;0.922754;
115800;17/8/2018 22:05;23.28;0;-0.300528;0.170117;0.937828;
115860;17/8/2018 22:06;23.29;0;-0.300528;0.185098;0.937828;
115920;17/8/2018 22:07;23.26;4;-0.316198;0.170117;0.937828;
115980;17/8/2018 22:08;23.25;0;-0.316198;0.155135;0.937828;
116040;17/8/2018 22:09;23.24;0;-0.316198;0.170117;0.937828;
116100;17/8/2018 22:10;23.21;0;-0.331868;0.170117;0.937828;
116160;17/8/2018 22:11;23.2;0;-0.316198;0.170117;0.937828;
116220;17/8/2018 22:12;23.19;0;-0.331868;0.170117;0.937828;
116280;17/8/2018 22:13;23.19;0;-0.316198;0.155135;0.937828;
116340;17/8/2018 22:14;23.16;0;-0.316198;0.170117;0.937828;
116400;17/8/2018 22:15;23.17;0;-0.316198;0.155135;0.922754;
116460;17/8/2018 22:16;23.15;0;-0.316198;0.170117;0.937828;
116520;17/8/2018 22:17;23.15;0;-0.316198;0.170117;0.937828;
116580;17/8/2018 22:18;23.15;0;-0.316198;0.155135;0.922754;
116640;17/8/2018 22:19;23.14;0;-0.331868;0.155135;0.922754;
116700;17/8/2018 22:20;23.13;0;-0.316198;0.170117;0.937828;
116760;17/8/2018 22:21;23.11;0;-0.316198;0.155135;0.937828;
116820;17/8/2018 22:22;23.12;0;-0.316198;0.170117;0.922754;
116880;17/8/2018 22:23;23.11;141;-1.71083;-0.339267;0.108763;
116940;17/8/2018 22:24;23.5;383;-1.02135;-0.084575;0.108763;
117000;17/8/2018 22:25;24.16;242;-1.00568;-0.0695931;0.123836;
117060;17/8/2018 22:26;24.8;998;-0.504238;0.0802255;0.229354;
117120;17/8/2018 22:27;25.31;717;-0.990008;-0.0246476;0.169058;
117180;17/8/2018 22:28;25.56;253;-0.958668;-0.0246476;-0.0118289;
117240;17/8/2018 22:29;25.43;98;-0.958668;-0.129521;0.169058;
117300;17/8/2018 22:30;25.04;109;-1.00568;0.0352799;-0.0269028;
117360;17/8/2018 22:31;24.64;49;-0.990008;0.140153;0.108763;
117420;17/8/2018 22:32;24.41;65;-1.02135;-0.20443;0.0484668;
117480;17/8/2018 22:33;24.06;168;-0.676608;0.155135;0.741867;
117540;17/8/2018 22:34;23.89;126;-1.02135;-0.0695931;0.00324504;
117600;17/8/2018 22:35;23.77;21;-0.990008;-0.234394;0.0936886;
117660;17/8/2018 22:36;23.66;9;-0.990008;-0.0546113;0.244428;
117720;17/8/2018 22:37;23.77;77;-0.895988;0.110189;0.606202;
117780;17/8/2018 22:38;24.5;124;-0.801968;-0.129521;-0.0570507;
117840;17/8/2018 22:39;24.44;802;-0.942998;0.125171;0.274576;
117900;17/8/2018 22:40;24.54;295;-0.990008;-0.0396294;0.108763;
117960;17/8/2018 22:41;23.71;973;-1.11537;0.0352799;-0.177642;
118020;17/8/2018 22:42;23.39;175;-0.990008;0.0652436;0.184132;
118080;17/8/2018 22:43;23.32;111;-1.03702;0.0502617;0.00324504;
118140;17/8/2018 22:44;22.96;326;-1.03702;0.0802255;0.440389;
118200;17/8/2018 22:45;22.47;835;-1.50712;0.319935;0.0635407;
118260;17/8/2018 22:46;21.86;1021;-1.02135;-0.084575;-0.0118289;
118320;17/8/2018 22:47;21.46;703;-0.707948;0.664518;-0.192716;
118380;17/8/2018 22:48;21.36;267;-1.00568;0.110189;0.169058;
118440;17/8/2018 22:49;21.63;158;-1.02135;0.020298;0.0936886;
118500;17/8/2018 22:50;22.14;94;-0.974338;0.185098;-0.0118289;
118560;17/8/2018 22:51;22.43;521;-0.942998;-0.144502;-0.0118289;
118620;17/8/2018 22:52;22.24;568;-0.880318;0.00531616;0.530832;
118680;17/8/2018 22:53;22.39;39;-0.645268;-0.0396294;-0.840895;
118740;17/8/2018 22:54;22.39;23;-0.974338;0.0652436;-0.343455;
118800;17/8/2018 22:55;22.58;28;-0.927328;0.170117;0.304724;
118860;17/8/2018 22:56;23.05;1;-0.990008;-0.174466;0.21428;
118920;17/8/2018 22:57;23.44;3;-1.00568;-0.174466;0.0484668;
118980;17/8/2018 22:58;23.69;28;-0.942998;-0.264357;0.108763;
119040;17/8/2018 22:59;23.3;1055;-1.24073;0.27499;0.00324504;
119100;17/8/2018 23:00;22.72;768;-1.00568;0.185098;0.0484668;
119160;17/8/2018 23:01;22.34;631;-1.44444;0.349899;-0.0419767;
119220;17/8/2018 23:02;22.64;337;-1.27207;0.0502617;-0.0269028;
119280;17/8/2018 23:03;23.31;443;-0.786298;-0.0246476;0.13891;
119340;17/8/2018 23:04;23.89;423;-0.942998;0.409826;0.184132;
119400;17/8/2018 23:05;24.25;811;-1.14671;0.140153;-0.0570507;
119460;17/8/2018 23:06;24.52;211;-0.660938;0.140153;0.756941;
119520;17/8/2018 23:07;24.57;285;-1.00568;0.170117;0.244428;
119580;17/8/2018 23:08;24.26;202;-1.27207;-0.084575;0.0333929;
119640;17/8/2018 23:09;23.79;95;-0.942998;0.125171;0.0635407;
119700;17/8/2018 23:10;23.25;100;-0.566918;-0.339267;0.756941;
119760;17/8/2018 23:11;22.92;1;-0.551248;-0.249375;0.802163;
119820;17/8/2018 23:12;22.79;2;-0.566918;-0.144502;0.802163;
119880;17/8/2018 23:13;22.78;0;-0.535578;-0.129521;0.832311;
119940;17/8/2018 23:14;22.8;3;-0.551248;-0.189448;0.832311;
120000;17/8/2018 23:15;22.87;0;-0.457228;-0.219412;0.862459;
120060;17/8/2018 23:16;23.09;79;-0.958668;-0.114539;0.334871;
120120;17/8/2018 23:17;23.1;596;-1.03702;-0.0246476;0.274576;
120180;17/8/2018 23:18;22.77;571;-0.942998;-0.159484;0.108763;
120240;17/8/2018 23:19;22.12;592;-1.02135;0.140153;0.0333929;
120300;17/8/2018 23:20;21.61;529;-0.880318;0.394845;0.0635407;
120360;17/8/2018 23:21;21.26;178;-0.598258;0.0802255;-0.810747;
120420;17/8/2018 23:22;21.36;111;-0.770628;0.0502617;-0.690156;
120480;17/8/2018 23:23;21.46;13;-0.833308;0.020298;-0.62986;
120540;17/8/2018 23:24;21.57;14;-0.770628;0.00531616;-0.690156;
120600;17/8/2018 23:25;21.69;224;-1.00568;0.125171;0.0786147;
120660;17/8/2018 23:26;21.63;537;-0.927328;-0.0995569;0.018319;
120720;17/8/2018 23:27;21.53;296;-1.02135;0.0352799;0.108763;
120780;17/8/2018 23:28;21.5;300;-1.00568;0.0652436;0.018319;
120840;17/8/2018 23:29;21.41;362;-0.990008;-0.084575;0.018319;
120900;17/8/2018 23:30;21.25;227;-0.990008;-0.159484;0.13891;
120960;17/8/2018 23:31;21.02;737;-1.94588;-0.20443;-0.0118289;
121020;17/8/2018 23:32;20.58;917;-1.27207;0.110189;0.184132;
121080;17/8/2018 23:33;20.23;763;-0.754958;0.00531616;0.0786147;
121140;17/8/2018 23:34;20.06;654;-0.990008;-0.0546113;0.169058;
121200;17/8/2018 23:35;19.97;220;-0.958668;0.20008;0.169058;
121260;17/8/2018 23:36;20.05;78;-0.990008;0.125171;0.244428;
121320;17/8/2018 23:37;20.14;16;-0.958668;0.0652436;0.349945;
121380;17/8/2018 23:38;20.29;6;-1.00568;0.0502617;0.244428;
121440;17/8/2018 23:39;20.45;8;-1.00568;0.0952073;0.169058;
121500;17/8/2018 23:40;20.54;427;-0.739288;-0.0096657;0.0936886;
121560;17/8/2018 23:41;20.57;167;-1.00568;0.230044;0.0936886;
121620;17/8/2018 23:42;20.37;705;-0.958668;0.0502617;-0.373603;
121680;17/8/2018 23:43;20.2;4;-0.927328;0.334917;-0.253012;
121740;17/8/2018 23:44;20.22;347;-0.895988;0.185098;0.018319;
121800;17/8/2018 23:45;20.13;670;-0.645268;0.170117;-0.268086;
121860;17/8/2018 23:46;19.93;504;-0.974338;0.260008;0.169058;
121920;17/8/2018 23:47;19.96;27;-0.974338;0.185098;0.0786147;
121980;17/8/2018 23:48;20.02;562;-1.17805;0.27499;0.169058;
122040;17/8/2018 23:49;19.95;1014;-0.927328;0.20008;0.0484668;
122100;17/8/2018 23:50;19.92;953;-1.22506;0.0502617;0.184132;
122160;17/8/2018 23:51;19.73;867;-0.990008;-0.174466;0.00324504;
122220;17/8/2018 23:52;19.64;200;-0.990008;0.0952073;0.259502;
122280;17/8/2018 23:53;19.77;63;-0.770628;0.0952073;0.63635;
122340;17/8/2018 23:54;19.74;4;-0.770628;0.125171;0.63635;
122400;17/8/2018 23:55;19.54;7;-0.676608;0.394845;0.606202;
122460;17/8/2018 23:56;19.63;231;-1.19372;0.20008;-0.0118289;
122520;17/8/2018 23:57;19.7;331;-1.00568;0.364881;0.334871;
122580;17/8/2018 23:58;19.79;737;-1.11537;0.0352799;0.018319;
122640;17/8/2018 23:59;19.87;346;-0.958668;0.334917;0.244428;
122700;18/8/2018 0:00;20.14;349;-1.00568;-0.144502;0.229354;
